Workbook

Sheet Ekspor Ringkasan
B3: Dokumen ini diekspor dari Numbers. Setiap tabel dikonversi ke lembar kerja Excel. Semua objek lainnya pada setiap lembar Numbers ditempatkan pada lembar kerja terpisah. Harap diperhatikan bahwa kalkulasi formula itu mungkin berbeda di Excel.
B7: Nama Lembar Numbers | C7: Nama Tabel Numbers | D7: Nama Lembar Kerja Excel
B9: 49013066
C10: Tabel 1 | D10: 49013066
B11: 49013206
C12: Tabel 1 | D12: 49013206
B13: 49013151
C14: Tabel 1 | D14: 49013151
B15: 49013260
C16: Tabel 1 | D16: 49013260
B17: 49015188
C18: Tabel 1 | D18: 49015188
B19: 49015289
C20: Tabel 1 | D20: 49015289
B21: 49013313
C22: Tabel 1 | D22: 49013313
B23: 49013354
C24: Tabel 1 | D24: 49013354
B25: 49013411
C26: Tabel 1 | D26: 49013411
B27: 49013538
C28: Tabel 1 | D28: 49013538
B29: 49978186
C30: Tabel 1 | D30: 49978186
B31: 49978825 /
C32: Tabel 1 | D32: 49978825 _
B33: 49976430
C34: Tabel 1 | D34: 49976430
B35: 49976716
C36: Tabel 1 | D36: 49976716
B37: 49975362
C38: Tabel 1 | D38: 49975362
B39: 49974911
C40: Tabel 1 | D40: 49974911
B41: 49978186-1
C42: Tabel 1 | D42: 49978186-1
B43: 51309562
C44: Tabel 1 | D44: 51309562
B45: 49014437
C46: Tabel 1 | D46: 49014437
B47: 49014701
C48: Tabel 1 | D48: 49014701
B49: 49014897
C50: Tabel 1 | D50: 49014897
B51: 49014944
C52: Tabel 1 | D52: 49014944
B53: 49014993
C54: Tabel 1 | D54: 49014993
B55: 49015008
C56: Tabel 1 | D56: 49015008
B57: 49012327
C58: Tabel 1 | D58: 49012327 - Tabel 1
C59: Tabel 1-1 | D59: 49012327 - Tabel 1-1
B60: 49012446
C61: Tabel 1 | D61: 49012446 - Tabel 1
C62: Tabel 1-1 | D62: 49012446 - Tabel 1-1
B63: 49012568
C64: Tabel 1 | D64: 49012568
B65: 49012718
C66: Tabel 1 | D66: 49012718
B67: 49012954
C68: Tabel 1 | D68: 49012954
B69: 49011769
C70: Tabel 1 | D70: 49011769
B71: 49012815
C72: Tabel 1 | D72: 49012815 - Tabel 1
C73: Tabel 1-1 | D73: 49012815 - Tabel 1-1
B74: 49012180
C75: Tabel 1 | D75: 49012180
B76: 49726699
C77: Tabel 1 | D77: 49726699
B78: 49726735
C79: Tabel 1 | D79: 49726735
B80: 49726757
C81: Tabel 1 | D81: 49726757
B82: 49726831
C83: Tabel 1 | D83: 49726831
B84: 49726878
C85: Tabel 1 | D85: 49726878
B86: 49668973
C87: Tabel 1 | D87: 49668973
B88: 49668994
C89: Tabel 1 | D89: 49668994
B90: 49669032
C91: Tabel 1 | D91: 49669032
B92: 49015378
C93: Tabel 1 | D93: 49015378
B94: 49015457
C95: Tabel 1 | D95: 49015457
B96: 5516660
C97: Tabel 1 | D97: 5516660
B98: 5510660
C99: Tabel 1 | D99: 5510660
B100: 5508660
C101: Tabel 1 | D101: 5508660
B102: 5511660
C103: Tabel 1 | D103: 5511660
B104: 5512660
C105: Tabel 1 | D105: 5512660
B106: 5509660
...

Sheet 49013066
A1: No. | B1: Uraian Pekerjaan | D1: Kuantitas | G1: Satuan | H1: Harga Satuan | K1: PAJAK | L1: JUMLAH
D2: HPS | E2: Penawaran | F2: Negoisasi | H2: HPS | I2: Penawaran | J2: Negoisasi | L2: HPS | M2: Penawaran | N2: Negoisasi
B3: DIVISI 1. UMUM | L3: {=IF(D3>0,IF($D3<=0,0,D3*H3),"")} | M3: {=IF(E3>0,IF($D3<=0,0,ROUND(E3*I3,2)),"")} | N3: {=IF(F3>0,IF($D3<=0,0,ROUND(F3*J3,2)),"")}
A4: 1.2 | B4: Mobilisasi | D4: 1 | E4: {=D4} -> 1 | F4: {=D4} -> 1 | G4: LS | H4: 12793750 | I4: 12770750 | J4: 12770750 | K4: 11 | L4: {=IF(D4>0,IF($D4<=0,0,D4*H4),"")} -> 12793750 | M4: {=IF(E4>0,IF($D4<=0,0,ROUND(E4*I4,2)),"")} -> 12770750 | N4: {=IF(F4>0,IF($D4<=0,0,ROUND(F4*J4,2)),"")} -> 12770750
A5: 1.8.(1) | B5: Manajemen dan Keselamatan Lalu Lintas | D5: 1 | E5: {=D5} -> 1 | F5: {=D5} -> 1 | G5: LS | H5: 660000 | I5: 638000 | J5: 638000 | K5: 11 | L5: {=IF(D5>0,IF($D5<=0,0,D5*H5),"")} -> 660000 | M5: {=IF(E5>0,IF($D5<=0,0,ROUND(E5*I5,2)),"")} -> 638000 | N5: {=IF(F5>0,IF($D5<=0,0,ROUND(F5*J5,2)),"")} -> 638000
A6: 1.19 | B6: Keselamatan dan Kesehatan Kerja | D6: 1 | E6: {=D6} -> 1 | F6: {=D6} -> 1 | G6: LS | H6: 5289000 | I6: 5279000 | J6: 5279000 | K6: 11 | L6: {=IF(D6>0,IF($D6<=0,0,D6*H6),"")} -> 5289000 | M6: {=IF(E6>0,IF($D6<=0,0,ROUND(E6*I6,2)),"")} -> 5279000 | N6: {=IF(F6>0,IF($D6<=0,0,ROUND(F6*J6,2)),"")} -> 5279000
B7: DIVISI 2. DRAINASE | L7: {=IF(D7>0,IF($D7<=0,0,D7*H7),"")} | M7: {=IF(E7>0,IF($D7<=0,0,ROUND(E7*I7,2)),"")} | N7: {=IF(F7>0,IF($D7<=0,0,ROUND(F7*J7,2)),"")}
A8: 2.1.(1) | B8: Galian untuk Selokan Drainase dan Saluran Air | D8: 118.8 | E8: {=D8} -> 118.8 | F8: {=D8} -> 118.8 | G8: M3 | H8: 35065.04 | I8: 35018.61 | J8: 35018.61 | K8: 11 | L8: {=IF(D8>0,IF($D8<=0,0,D8*H8),"")} -> 4165726.8 | M8: {=IF(E8>0,IF($D8<=0,0,ROUND(E8*I8,2)),"")} -> 4160210.9 | N8: {=IF(F8>0,IF($D8<=0,0,ROUND(F8*J8,2)),"")} -> 4160210.9
B9: DIVISI 3. PEKERJAAN TANAH DAN GEOSINTETIK | L9: {=IF(D9>0,IF($D9<=0,0,D9*H9),"")} | M9: {=IF(E9>0,IF($D9<=0,0,ROUND(E9*I9,2)),"")} | N9: {=IF(F9>0,IF($D9<=0,0,ROUND(F9*J9,2)),"")}
A10: 3.1.(1) | B10: Galian Biasa (Cuttingan) | D10: 2185 | E10: {=D10} -> 2185 | F10: {=D10} -> 2185 | G10: M3 | H10: 44543.07 | I10: 44495.18 | J10: 44495.18 | K10: 11 | L10: {=IF(D10>0,IF($D10<=0,0,D10*H10),"")} -> 97326608 | M10: {=IF(E10>0,IF($D10<=0,0,ROUND(E10*I10,2)),"")} -> 97221968 | N10: {=IF(F10>0,IF($D10<=0,0,ROUND(F10*J10,2)),"")} -> 97221968
A11: 3.2.(1b) | B11: Timbunan Pilihan dari Sumber galian | D11: 310.5 | E11: {=D11} -> 310.5 | F11: {=D11} -> 310.5 | G11: M3 | H11: 156986.36 | I11: 156981.81 | J11: 156981.81 | K11: 11 | L11: {=IF(D11>0,IF($D11<=0,0,D11*H11),"")} -> 48744265 | M11: {=IF(E11>0,IF($D11<=0,0,ROUND(E11*I11,2)),"")} -> 48742852 | N11: {=IF(F11>0,IF($D11<=0,0,ROUND(F11*J11,2)),"")} -> 48742852
A12: 3.3.(1) | B12: Penyiapan Badan Jalan | D12: 2115 | E12: {=D12} -> 2115 | F12: {=D12} -> 2115 | G12: M2 | H12: 2996.59 | I12: 2994.89 | J12: 2994.89 | K12: 11 | L12: {=IF(D12>0,IF($D12<=0,0,D12*H12),"")} -> 6337787.8 | M12: {=IF(E12>0,IF($D12<=0,0,ROUND(E12*I12,2)),"")} -> 6334192.3 | N12: {=IF(F12>0,IF($D12<=0,0,ROUND(F12*J12,2)),"")} -> 6334192.3
B13: Biaya BPJS Ketenaga Kerjaan | L13: {=IF(D13>0,IF($D13<=0,0,D13*H13),"")}
A14: 1 | B14: JKK/JKM | D14: 1 | E14: {=D14} -> 1 | F14: {=D14} -> 1 | G14: LS | H14: 383102.54 | I14: 382779.25 | J14: 382779.25 | K14: 0 | L14: {=IF(D14>0,IF($D14<=0,0,D14*H14),"")} -> 383102.54 | M14: {=IF(E14>0,IF($D14<=0,0,ROUND(E14*I14,2)),"")} -> 382779.25 | N14: {=IF(F14>0,IF($D14<=0,0,ROUND(F14*J14,2)),"")} -> 382779.25
K31: Jumlah Total (A) | L31: {=SUM(L1:L30)} -> 1.7570024e+08 | M31: {=SUM(M1:M30)} -> 1.7552975e+08 | N31: {=SUM(N1:N30)} -> 1.7552975e+08
B32: HIT BPJS | D32: {=ROUND(IF(L32<=100000000,L32*0.24%,IF(AND(L32>100000000,L32<=500000000),100000000*0.24%+(L32-100000000)*0.19%,IF(AND(L32>500000000,L32<=1000000000),100000000*0.24%+400000000*0.19%+(L32-500000000)*0.15%,IF(AND(L32>1000000000,L32<=5000000000),100000000*0.24%+400000000*0.19%+500000000*0.15%+(L32-1000000000)*0.12%,IF(L32>5000000000,100000000*0.24%+400000000*0.19%+500000000*0.15%+4000000000*0.12%+(L32-5000000000)*0.1%,"Bingung komputer"))))),2)} -> 383102.56 | E32: {=ROUND(IF(M32<=100000000,M32*0.24%,IF(AND(M32>100000000,M32<=500000000),100000000*0.24%+(M32-100000000)*0.19%,IF(AND(M32>500000000,M32<=1000000000),100000000*0.24%+400000000*0.19%+(M32-500000000)*0.15%,IF(AND(M32>1000000000,M32<=5000000000),100000000*0.24%+400000000*0.19%+500000000*0.15%+(M32-1000000000)*0.12%,IF(M32>5000000000,100000000*0.24%+400000000*0.19%+500000000*0.15%+4000000000*0.12%+(M32-5000000000)*0.1%,"Bingung komputer"))))),2)} -> 382779.25 | F32: {=ROUND(IF(N32<=100000000,N32*0.24%,IF(AND(N32>100000000,N32<=500000000),100000000*0.24%+(N32-100000000)*0.19%,IF(AND(N32>500000000,N32<=1000000000),100000000*0.24%+400000000*0.19%+(N32-500000000)*0.15%,IF(AND(N32>1000000000,N32<=5000000000),100000000*0.24%+400000000*0.19%+500000000*0.15%+(N32-1000000000)*0.12%,IF(N32>5000000000,100000000*0.24%+400000000*0.19%+500000000*0.15%+4000000000*0.12%+(N32-5000000000)*0.1%,"Bingung komputer"))))),2)} -> 382779.25 | K32: {="Jumlah Terkena Pajak "&MAX(K3:K30)&"% (B)"} -> Jumlah Terkena Pajak 11,00% (B) | L32: {=SUMIF($K3:$K30,">0",L3:L30)} -> 1.7531714e+08 | M32: {=SUMIF($K3:$K30,">0",M3:M30)} -> 1.7514697e+08 | N32: {=SUMIF($K3:$K30,">0",N3:N30)} -> 1.7514697e+08
K33: {="PPN (C) = "&MAX(K3:K30)&"% x B"} -> PPN (C) = 11,00% x B | L33: {=L32*MAX($K3:$K30)%} -> 19284885 | M33: {=M32*MAX($K3:$K30)%} -> 19266167 | N33: {=N32*MAX($K3:$K30)%} -> 19266167
K34: Jumlah Total (D) = (A) + ( C ) | L34: {=L31+L33} -> 1.9498512e+08 | M34: {=M31+M33} -> 1.9479592e+08 | N34: {=N31+N33} -> 1.9479592e+08
K35: Jumlah Total dibulatkan (E) | L35: {=ROUNDDOWN(L34,2)} -> 1.9498512e+08 | M35: {=ROUNDDOWN(M34,2)} -> 1.9479592e+08 | N35: {=ROUNDDOWN(N34,-3)} -> 194795000

Sheet 49013206
A1: No. | B1: Uraian Pekerjaan | D1: Kuantitas | G1: Satuan | H1: Harga Satuan | K1: PAJAK | L1: JUMLAH
D2: HPS | E2: Penawaran | F2: Negoisasi | H2: HPS | I2: Penawaran | J2: Negoisasi | L2: HPS | M2: Penawaran | N2: Negoisasi
B3: DIVISI 1. UMUM | L3: {=IF(D3>0,IF($D3<=0,0,D3*H3),"")} | M3: {=IF(E3>0,IF($D3<=0,0,ROUND(E3*I3,2)),"")} | N3: {=IF(F3>0,IF($D3<=0,0,ROUND(F3*J3,2)),"")}
A4: 1.2 | B4: Mobilisasi | D4: 1 | E4: {=D4} -> 1 | F4: {=D4} -> 1 | G4: LS | H4: 27750000 | I4: 27710000 | J4: 27710000 | K4: 11 | L4: {=IF(D4>0,IF($D4<=0,0,D4*H4),"")} -> 27750000 | M4: {=IF(E4>0,IF($D4<=0,0,ROUND(E4*I4,2)),"")} -> 27710000 | N4: {=IF(F4>0,IF($D4<=0,0,ROUND(F4*J4,2)),"")} -> 27710000
B5: DIVISI 3. PEKERJAAN TANAH | L5: {=IF(D5>0,IF($D5<=0,0,D5*H5),"")} | M5: {=IF(E5>0,IF($D5<=0,0,ROUND(E5*I5,2)),"")} | N5: {=IF(F5>0,IF($D5<=0,0,ROUND(F5*J5,2)),"")}
A6: 3.2.(1a) | B6: Timbunan Biasa dari sumber galian | D6: 508 | E6: {=D6} -> 508 | F6: {=D6} -> 508 | G6: M3 | H6: 278997.31 | I6: 278997.31 | J6: 278997.31 | K6: 11 | L6: {=IF(D6>0,IF($D6<=0,0,D6*H6),"")} -> 1.4173063e+08 | M6: {=IF(E6>0,IF($D6<=0,0,ROUND(E6*I6,2)),"")} -> 1.4173063e+08 | N6: {=IF(F6>0,IF($D6<=0,0,ROUND(F6*J6,2)),"")} -> 1.4173063e+08
A7: 3.3.(1) | B7: Penyiapan Badan Jalan | D7: 3175 | E7: {=D7} -> 3175 | F7: {=D7} -> 3175 | G7: M3 | H7: 1817.45 | I7: 1816.25 | J7: 1816.25 | K7: 11 | L7: {=IF(D7>0,IF($D7<=0,0,D7*H7),"")} -> 5770403.8 | M7: {=IF(E7>0,IF($D7<=0,0,ROUND(E7*I7,2)),"")} -> 5766593.8 | N7: {=IF(F7>0,IF($D7<=0,0,ROUND(F7*J7,2)),"")} -> 5766593.8
B8: Biaya BPJS Ketenaga Kerjaan | L8: {=IF(D8>0,IF($D8<=0,0,D8*H8),"")}
A9: 1 | B9: JKK/JKM | D9: 1 | E9: {=D9} -> 1 | F9: {=D9} -> 1 | G9: LS | H9: 382977 | I9: 382894 | J9: 382894 | K9: 0 | L9: {=IF(D9>0,IF($D9<=0,0,D9*H9),"")} -> 382977 | M9: {=IF(E9>0,IF($D9<=0,0,ROUND(E9*I9,2)),"")} -> 382894 | N9: {=IF(F9>0,IF($D9<=0,0,ROUND(F9*J9,2)),"")} -> 382894
K26: Jumlah Total (A) | L26: {=SUM(L1:L25)} -> 1.7563401e+08 | M26: {=SUM(M1:M25)} -> 1.7559012e+08 | N26: {=SUM(N1:N25)} -> 1.7559012e+08
B27: HIT BPJS | D27: {=ROUND(IF(L27<=100000000,L27*0.24%,IF(AND(L27>100000000,L27<=500000000),100000000*0.24%+(L27-100000000)*0.19%,IF(AND(L27>500000000,L27<=1000000000),100000000*0.24%+400000000*0.19%+(L27-500000000)*0.15%,IF(AND(L27>1000000000,L27<=5000000000),100000000*0.24%+400000000*0.19%+500000000*0.15%+(L27-1000000000)*0.12%,IF(L27>5000000000,100000000*0.24%+400000000*0.19%+500000000*0.15%+4000000000*0.12%+(L27-5000000000)*0.1%,"Bingung komputer"))))),2)} -> 382976.97 | E27: {=ROUND(IF(M27<=100000000,M27*0.24%,IF(AND(M27>100000000,M27<=500000000),100000000*0.24%+(M27-100000000)*0.19%,IF(AND(M27>500000000,M27<=1000000000),100000000*0.24%+400000000*0.19%+(M27-500000000)*0.15%,IF(AND(M27>1000000000,M27<=5000000000),100000000*0.24%+400000000*0.19%+500000000*0.15%+(M27-1000000000)*0.12%,IF(M27>5000000000,100000000*0.24%+400000000*0.19%+500000000*0.15%+4000000000*0.12%+(M27-5000000000)*0.1%,"Bingung komputer"))))),2)} -> 382893.73 | F27: {=ROUND(IF(N27<=100000000,N27*0.24%,IF(AND(N27>100000000,N27<=500000000),100000000*0.24%+(N27-100000000)*0.19%,IF(AND(N27>500000000,N27<=1000000000),100000000*0.24%+400000000*0.19%+(N27-500000000)*0.15%,IF(AND(N27>1000000000,N27<=5000000000),100000000*0.24%+400000000*0.19%+500000000*0.15%+(N27-1000000000)*0.12%,IF(N27>5000000000,100000000*0.24%+400000000*0.19%+500000000*0.15%+4000000000*0.12%+(N27-5000000000)*0.1%,"Bingung komputer"))))),2)} -> 382893.73 | K27: {="Jumlah Terkena Pajak "&MAX(K3:K25)&"% (B)"} -> Jumlah Terkena Pajak 11,00% (B) | L27: {=SUMIF($K3:$K25,">0",L3:L25)} -> 1.7525104e+08 | M27: {=SUMIF($K3:$K25,">0",M3:M25)} -> 1.7520723e+08 | N27: {=SUMIF($K3:$K25,">0",N3:N25)} -> 1.7520723e+08
K28: {="PPN (C) = "&MAX(K3:K25)&"% x B"} -> PPN (C) = 11,00% x B | L28: {=L27*MAX($K3:$K25)%} -> 19277614 | M28: {=M27*MAX($K3:$K25)%} -> 19272795 | N28: {=N27*MAX($K3:$K25)%} -> 19272795
K29: Jumlah Total (D) = (A) + ( C ) | L29: {=L26+L28} -> 1.9491163e+08 | M29: {=M26+M28} -> 1.9486292e+08 | N29: {=N26+N28} -> 1.9486292e+08
K30: Jumlah Total dibulatkan (E) | L30: {=ROUNDDOWN(L29,2)} -> 1.9491163e+08 | M30: {=ROUNDDOWN(M29,2)} -> 1.9486292e+08 | N30: {=ROUNDDOWN(N29,-3)} -> 194862000

Sheet 49013151
A1: No. | B1: Uraian Pekerjaan | D1: Kuantitas | G1: Satuan | H1: Harga Satuan | K1: PAJAK | L1: JUMLAH
D2: HPS | E2: Penawaran | F2: Negoisasi | H2: HPS | I2: Penawaran | J2: Negoisasi | L2: HPS | M2: Penawaran | N2: Negoisasi
B3: DIVISI 1. UMUM | L3: {=IF(D3>0,IF($D3<=0,0,D3*H3),"")} | M3: {=IF(E3>0,IF($D3<=0,0,ROUND(E3*I3,2)),"")} | N3: {=IF(F3>0,IF($D3<=0,0,ROUND(F3*J3,2)),"")}
A4: 1.2 | B4: Mobilisasi | D4: 1 | E4: {=D4} -> 1 | F4: {=D4} -> 1 | G4: LS | H4: 27750000 | I4: 27670000 | J4: 27670000 | K4: 11 | L4: {=IF(D4>0,IF($D4<=0,0,D4*H4),"")} -> 27750000 | M4: {=IF(E4>0,IF($D4<=0,0,ROUND(E4*I4,2)),"")} -> 27670000 | N4: {=IF(F4>0,IF($D4<=0,0,ROUND(F4*J4,2)),"")} -> 27670000
B5: DIVISI 3. PEKERJAAN TANAH | L5: {=IF(D5>0,IF($D5<=0,0,D5*H5),"")} | M5: {=IF(E5>0,IF($D5<=0,0,ROUND(E5*I5,2)),"")} | N5: {=IF(F5>0,IF($D5<=0,0,ROUND(F5*J5,2)),"")}
A6: 3.2.(1a) | B6: Timbunan Biasa dari sumber galian | D6: 600 | E6: {=D6} -> 600 | F6: {=D6} -> 600 | G6: M3 | H6: 236046.98 | I6: 236046.98 | J6: 236046.98 | K6: 11 | L6: {=IF(D6>0,IF($D6<=0,0,D6*H6),"")} -> 141628188 | M6: {=IF(E6>0,IF($D6<=0,0,ROUND(E6*I6,2)),"")} -> 141628188 | N6: {=IF(F6>0,IF($D6<=0,0,ROUND(F6*J6,2)),"")} -> 141628188
A7: 3.3.(1) | B7: Penyiapan Badan Jalan | D7: 2700 | E7: {=D7} -> 2700 | F7: {=D7} -> 2700 | G7: M3 | H7: 2136.32 | I7: 2135.5 | J7: 2135.5 | K7: 11 | L7: {=IF(D7>0,IF($D7<=0,0,D7*H7),"")} -> 5768064 | M7: {=IF(E7>0,IF($D7<=0,0,ROUND(E7*I7,2)),"")} -> 5765850 | N7: {=IF(F7>0,IF($D7<=0,0,ROUND(F7*J7,2)),"")} -> 5765850
B8: Biaya BPJS Ketenaga Kerjaan | L8: {=IF(D8>0,IF($D8<=0,0,D8*H8),"")}
A9: 1 | B9: JKK/JKM | D9: 1 | E9: {=D9} -> 1 | F9: {=D9} -> 1 | G9: LS | H9: 382778 | I9: 382622 | J9: 382622 | K9: 0 | L9: {=IF(D9>0,IF($D9<=0,0,D9*H9),"")} -> 382778 | M9: {=IF(E9>0,IF($D9<=0,0,ROUND(E9*I9,2)),"")} -> 382622 | N9: {=IF(F9>0,IF($D9<=0,0,ROUND(F9*J9,2)),"")} -> 382622
K26: Jumlah Total (A) | L26: {=SUM(L1:L25)} -> 175529030 | M26: {=SUM(M1:M25)} -> 175446660 | N26: {=SUM(N1:N25)} -> 175446660
B27: HIT BPJS | D27: {=ROUND(IF(L27<=100000000,L27*0.24%,IF(AND(L27>100000000,L27<=500000000),100000000*0.24%+(L27-100000000)*0.19%,IF(AND(L27>500000000,L27<=1000000000),100000000*0.24%+400000000*0.19%+(L27-500000000)*0.15%,IF(AND(L27>1000000000,L27<=5000000000),100000000*0.24%+400000000*0.19%+500000000*0.15%+(L27-1000000000)*0.12%,IF(L27>5000000000,100000000*0.24%+400000000*0.19%+500000000*0.15%+4000000000*0.12%+(L27-5000000000)*0.1%,"Bingung komputer"))))),2)} -> 382777.88 | E27: {=ROUND(IF(M27<=100000000,M27*0.24%,IF(AND(M27>100000000,M27<=500000000),100000000*0.24%+(M27-100000000)*0.19%,IF(AND(M27>500000000,M27<=1000000000),100000000*0.24%+400000000*0.19%+(M27-500000000)*0.15%,IF(AND(M27>1000000000,M27<=5000000000),100000000*0.24%+400000000*0.19%+500000000*0.15%+(M27-1000000000)*0.12%,IF(M27>5000000000,100000000*0.24%+400000000*0.19%+500000000*0.15%+4000000000*0.12%+(M27-5000000000)*0.1%,"Bingung komputer"))))),2)} -> 382621.67 | F27: {=ROUND(IF(N27<=100000000,N27*0.24%,IF(AND(N27>100000000,N27<=500000000),100000000*0.24%+(N27-100000000)*0.19%,IF(AND(N27>500000000,N27<=1000000000),100000000*0.24%+400000000*0.19%+(N27-500000000)*0.15%,IF(AND(N27>1000000000,N27<=5000000000),100000000*0.24%+400000000*0.19%+500000000*0.15%+(N27-1000000000)*0.12%,IF(N27>5000000000,100000000*0.24%+400000000*0.19%+500000000*0.15%+4000000000*0.12%+(N27-5000000000)*0.1%,"Bingung komputer"))))),2)} -> 382621.67 | K27: {="Jumlah Terkena Pajak "&MAX(K3:K25)&"% (B)"} -> Jumlah Terkena Pajak 11,00% (B) | L27: {=SUMIF($K3:$K25,">0",L3:L25)} -> 175146252 | M27: {=SUMIF($K3:$K25,">0",M3:M25)} -> 175064038 | N27: {=SUMIF($K3:$K25,">0",N3:N25)} -> 175064038
K28: {="PPN (C) = "&MAX(K3:K25)&"% x B"} -> PPN (C) = 11,00% x B | L28: {=L27*MAX($K3:$K25)%} -> 19266088 | M28: {=M27*MAX($K3:$K25)%} -> 19257044 | N28: {=N27*MAX($K3:$K25)%} -> 19257044
K29: Jumlah Total (D) = (A) + ( C ) | L29: {=L26+L28} -> 1.9479512e+08 | M29: {=M26+M28} -> 1.947037e+08 | N29: {=N26+N28} -> 1.947037e+08
K30: Jumlah Total dibulatkan (E) | L30: {=ROUNDDOWN(L29,2)} -> 1.9479512e+08 | M30: {=ROUNDDOWN(M29,2)} -> 1.947037e+08 | N30: {=ROUNDDOWN(N29,-3)} -> 194703000

Sheet 49013260
A1: No. | B1: Uraian Pekerjaan | D1: Kuantitas | G1: Satuan | H1: Harga Satuan | K1: PAJAK | L1: JUMLAH
D2: HPS | E2: Penawaran | F2: Negoisasi | H2: HPS | I2: Penawaran | J2: Negoisasi | L2: HPS | M2: Penawaran | N2: Negoisasi
B3: DIVISI 1. UMUM | L3: {=IF(D3>0,IF($D3<=0,0,D3*H3),"")} | M3: {=IF(E3>0,IF($D3<=0,0,ROUND(E3*I3,2)),"")} | N3: {=IF(F3>0,IF($D3<=0,0,ROUND(F3*J3,2)),"")}
A4: 1.2 | B4: Mobilisasi | D4: 1 | E4: {=D4} -> 1 | F4: {=D4} -> 1 | G4: LS | H4: 27550000 | I4: 27510000 | J4: 27510000 | K4: 11 | L4: {=IF(D4>0,IF($D4<=0,0,D4*H4),"")} -> 27550000 | M4: {=IF(E4>0,IF($D4<=0,0,ROUND(E4*I4,2)),"")} -> 27510000 | N4: {=IF(F4>0,IF($D4<=0,0,ROUND(F4*J4,2)),"")} -> 27510000
B5: DIVISI 3. PEKERJAAN TANAH | L5: {=IF(D5>0,IF($D5<=0,0,D5*H5),"")} | M5: {=IF(E5>0,IF($D5<=0,0,ROUND(E5*I5,2)),"")} | N5: {=IF(F5>0,IF($D5<=0,0,ROUND(F5*J5,2)),"")}
A6: 3.2.(1a) | B6: Timbunan Biasa dari sumber galian | D6: 557.12 | E6: {=D6} -> 557.12 | F6: {=D6} -> 557.12 | G6: M3 | H6: 254663.92 | I6: 254663.92 | J6: 254663.92 | K6: 11 | L6: {=IF(D6>0,IF($D6<=0,0,D6*H6),"")} -> 1.4187836e+08 | M6: {=IF(E6>0,IF($D6<=0,0,ROUND(E6*I6,2)),"")} -> 1.4187836e+08 | N6: {=IF(F6>0,IF($D6<=0,0,ROUND(F6*J6,2)),"")} -> 1.4187836e+08
A7: 3.3.(1) | B7: Penyiapan Badan Jalan | D7: 3133.8 | E7: {=D7} -> 3133.8 | F7: {=D7} -> 3133.8 | G7: M2 | H7: 1816.48 | I7: 1816.07 | J7: 1816.07 | K7: 11 | L7: {=IF(D7>0,IF($D7<=0,0,D7*H7),"")} -> 5692485 | M7: {=IF(E7>0,IF($D7<=0,0,ROUND(E7*I7,2)),"")} -> 5691200.2 | N7: {=IF(F7>0,IF($D7<=0,0,ROUND(F7*J7,2)),"")} -> 5691200.2
B8: Biaya BPJS Ketenaga Kerjaan | L8: {=IF(D8>0,IF($D8<=0,0,D8*H8),"")}
A9: 1 | B9: JKK/JKM | D9: 1 | E9: {=D9} -> 1 | F9: {=D9} -> 1 | G9: LS | H9: 382730 | I9: 382651 | J9: 382651 | K9: 0 | L9: {=IF(D9>0,IF($D9<=0,0,D9*H9),"")} -> 382730 | M9: {=IF(E9>0,IF($D9<=0,0,ROUND(E9*I9,2)),"")} -> 382651 | N9: {=IF(F9>0,IF($D9<=0,0,ROUND(F9*J9,2)),"")} -> 382651
K26: Jumlah Total (A) | L26: {=SUM(L1:L25)} -> 1.7550358e+08 | M26: {=SUM(M1:M25)} -> 1.7546221e+08 | N26: {=SUM(N1:N25)} -> 1.7546221e+08
B27: HIT BPJS | D27: {=ROUND(IF(L27<=100000000,L27*0.24%,IF(AND(L27>100000000,L27<=500000000),100000000*0.24%+(L27-100000000)*0.19%,IF(AND(L27>500000000,L27<=1000000000),100000000*0.24%+400000000*0.19%+(L27-500000000)*0.15%,IF(AND(L27>1000000000,L27<=5000000000),100000000*0.24%+400000000*0.19%+500000000*0.15%+(L27-1000000000)*0.12%,IF(L27>5000000000,100000000*0.24%+400000000*0.19%+500000000*0.15%+4000000000*0.12%+(L27-5000000000)*0.1%,"Bingung komputer"))))),2)} -> 382729.61 | E27: {=ROUND(IF(M27<=100000000,M27*0.24%,IF(AND(M27>100000000,M27<=500000000),100000000*0.24%+(M27-100000000)*0.19%,IF(AND(M27>500000000,M27<=1000000000),100000000*0.24%+400000000*0.19%+(M27-500000000)*0.15%,IF(AND(M27>1000000000,M27<=5000000000),100000000*0.24%+400000000*0.19%+500000000*0.15%+(M27-1000000000)*0.12%,IF(M27>5000000000,100000000*0.24%+400000000*0.19%+500000000*0.15%+4000000000*0.12%+(M27-5000000000)*0.1%,"Bingung komputer"))))),2)} -> 382651.17 | F27: {=ROUND(IF(N27<=100000000,N27*0.24%,IF(AND(N27>100000000,N27<=500000000),100000000*0.24%+(N27-100000000)*0.19%,IF(AND(N27>500000000,N27<=1000000000),100000000*0.24%+400000000*0.19%+(N27-500000000)*0.15%,IF(AND(N27>1000000000,N27<=5000000000),100000000*0.24%+400000000*0.19%+500000000*0.15%+(N27-1000000000)*0.12%,IF(N27>5000000000,100000000*0.24%+400000000*0.19%+500000000*0.15%+4000000000*0.12%+(N27-5000000000)*0.1%,"Bingung komputer"))))),2)} -> 382651.17 | K27: {="Jumlah Terkena Pajak "&MAX(K3:K25)&"% (B)"} -> Jumlah Terkena Pajak 11,00% (B) | L27: {=SUMIF($K3:$K25,">0",L3:L25)} -> 1.7512085e+08 | M27: {=SUMIF($K3:$K25,">0",M3:M25)} -> 1.7507956e+08 | N27: {=SUMIF($K3:$K25,">0",N3:N25)} -> 1.7507956e+08
K28: {="PPN (C) = "&MAX(K3:K25)&"% x B"} -> PPN (C) = 11,00% x B | L28: {=L27*MAX($K3:$K25)%} -> 19263293 | M28: {=M27*MAX($K3:$K25)%} -> 19258752 | N28: {=N27*MAX($K3:$K25)%} -> 19258752
K29: Jumlah Total (D) = (A) + ( C ) | L29: {=L26+L28} -> 1.9476687e+08 | M29: {=M26+M28} -> 1.9472097e+08 | N29: {=N26+N28} -> 1.9472097e+08
K30: Jumlah Total dibulatkan (E) | L30: {=ROUNDDOWN(L29,2)} -> 1.9476687e+08 | M30: {=ROUNDDOWN(M29,2)} -> 1.9472097e+08 | N30: {=ROUNDDOWN(N29,-3)} -> 194720000

Sheet 49015188
A1: No. | B1: Uraian Pekerjaan | D1: Kuantitas | G1: Satuan | H1: Harga Satuan | K1: PAJAK | L1: JUMLAH
D2: HPS | E2: Penawaran | F2: Negoisasi | H2: HPS | I2: Penawaran | J2: Negoisasi | L2: HPS | M2: Penawaran | N2: Negoisasi
A3: A | B3: BIAYA LANGSUNG PERSONIL | L3: {=IF(D3>0,IF($D3<=0,0,D3*H3),"")} | M3: {=IF(E3>0,IF($D3<=0,0,ROUND(E3*I3,2)),"")} | N3: {=IF(F3>0,IF($D3<=0,0,ROUND(F3*J3,2)),"")}
A4: I | B4: PROFESIONAL STAFF/SUB PROFESIONAL STAFF | L4: {=IF(D4>0,IF($D4<=0,0,D4*H4),"")} | M4: {=IF(E4>0,IF($D4<=0,0,ROUND(E4*I4,2)),"")} | N4: {=IF(F4>0,IF($D4<=0,0,ROUND(F4*J4,2)),"")}
A5: 1 | B5: Team Leader (Ahli Teknik Jalan) | D5: 4.5 | E5: {=D5} -> 4.5 | F5: {=D5} -> 4.5 | G5: Orang/Bln | H5: 9000000 | I5: 8980000 | J5: 8980000 | K5: 11 | L5: {=IF(D5>0,IF($D5<=0,0,D5*H5),"")} -> 40500000 | M5: {=IF(E5>0,IF($D5<=0,0,ROUND(E5*I5,2)),"")} -> 40410000 | N5: {=IF(F5>0,IF($D5<=0,0,ROUND(F5*J5,2)),"")} -> 40410000
A6: 2 | B6: Inspektur/pengawas Jalan ( 1 0rang) | D6: 4.5 | E6: {=D6} -> 4.5 | F6: {=D6} -> 4.5 | G6: Orang/Bln | H6: 2500000 | I6: 2500000 | J6: 2500000 | K6: 11 | L6: {=IF(D6>0,IF($D6<=0,0,D6*H6),"")} -> 11250000 | M6: {=IF(E6>0,IF($D6<=0,0,ROUND(E6*I6,2)),"")} -> 11250000 | N6: {=IF(F6>0,IF($D6<=0,0,ROUND(F6*J6,2)),"")} -> 11250000
A7: B | B7: BIAYA LANGSUNG NON PERSONIL | L7: {=IF(D7>0,IF($D7<=0,0,D7*H7),"")} | M7: {=IF(E7>0,IF($D7<=0,0,ROUND(E7*I7,2)),"")} | N7: {=IF(F7>0,IF($D7<=0,0,ROUND(F7*J7,2)),"")}
A8: I | B8: KANTOR, AKOMODASI DAN PERALATAN | L8: {=IF(D8>0,IF($D8<=0,0,D8*H8),"")} | M8: {=IF(E8>0,IF($D8<=0,0,ROUND(E8*I8,2)),"")} | N8: {=IF(F8>0,IF($D8<=0,0,ROUND(F8*J8,2)),"")}
A9: 1 | B9: Sewa Printer A4 | D9: 4.5 | E9: {=D9} -> 4.5 | F9: {=D9} -> 4.5 | G9: unit-Bulan | H9: 200000 | I9: 200000 | J9: 200000 | K9: 11 | L9: {=IF(D9>0,IF($D9<=0,0,D9*H9),"")} -> 900000 | M9: {=IF(E9>0,IF($D9<=0,0,ROUND(E9*I9,2)),"")} -> 900000 | N9: {=IF(F9>0,IF($D9<=0,0,ROUND(F9*J9,2)),"")} -> 900000
A10: 2 | B10: ATK, Tinta Printer, akomodasi, listrik & telepon/Internet | D10: 4.5 | E10: {=D10} -> 4.5 | F10: {=D10} -> 4.5 | G10: Bulan | H10: 1000000 | I10: 1000000 | J10: 1000000 | K10: 11 | L10: {=IF(D10>0,IF($D10<=0,0,D10*H10),"")} -> 4500000 | M10: {=IF(E10>0,IF($D10<=0,0,ROUND(E10*I10,2)),"")} -> 4500000 | N10: {=IF(F10>0,IF($D10<=0,0,ROUND(F10*J10,2)),"")} -> 4500000
A11: 3 | B11: Sewa Laptop | D11: 4.5 | E11: {=D11} -> 4.5 | F11: {=D11} -> 4.5 | G11: unit-Bulan | H11: 500000 | I11: 500000 | J11: 500000 | K11: 11 | L11: {=IF(D11>0,IF($D11<=0,0,D11*H11),"")} -> 2250000 | M11: {=IF(E11>0,IF($D11<=0,0,ROUND(E11*I11,2)),"")} -> 2250000 | N11: {=IF(F11>0,IF($D11<=0,0,ROUND(F11*J11,2)),"")} -> 2250000
B12: BIAYA SMK3 | L12: {=IF(D12>0,IF($D12<=0,0,D12*H12),"")} | M12: {=IF(E12>0,IF($D12<=0,0,ROUND(E12*I12,2)),"")} | N12: {=IF(F12>0,IF($D12<=0,0,ROUND(F12*J12,2)),"")}
A13: 4 | B13: Helem Proyek | D13: 2 | E13: {=D13} -> 2 | F13: {=D13} -> 2 | G13: buah | H13: 77000 | I13: 70000 | J13: 70000 | K13: 11 | L13: {=IF(D13>0,IF($D13<=0,0,D13*H13),"")} -> 154000 | M13: {=IF(E13>0,IF($D13<=0,0,ROUND(E13*I13,2)),"")} -> 140000 | N13: {=IF(F13>0,IF($D13<=0,0,ROUND(F13*J13,2)),"")} -> 140000
A14: 5 | B14: Sepatu Safety | D14: 2 | E14: {=D14} -> 2 | F14: {=D14} -> 2 | G14: buah | H14: 250000 | I14: 250000 | J14: 250000 | K14: 11 | L14: {=IF(D14>0,IF($D14<=0,0,D14*H14),"")} -> 500000 | M14: {=IF(E14>0,IF($D14<=0,0,ROUND(E14*I14,2)),"")} -> 500000 | N14: {=IF(F14>0,IF($D14<=0,0,ROUND(F14*J14,2)),"")} -> 500000
B15: BIAYA SEWA KENDARAAN/TRANSPORTASI | L15: {=IF(D15>0,IF($D15<=0,0,D15*H15),"")} | M15: {=IF(E15>0,IF($D15<=0,0,ROUND(E15*I15,2)),"")} | N15: {=IF(F15>0,IF($D15<=0,0,ROUND(F15*J15,2)),"")}
A16: II | B16: Sewa & Ops. Kendaraan (1 unit) | D16: 4.5 | E16: {=D16} -> 4.5 | F16: {=D16} -> 4.5 | G16: Unit Bulan | H16: 625000 | I16: 610000 | J16: 610000 | K16: 11 | L16: {=IF(D16>0,IF($D16<=0,0,D16*H16),"")} -> 2812500 | M16: {=IF(E16>0,IF($D16<=0,0,ROUND(E16*I16,2)),"")} -> 2745000 | N16: {=IF(F16>0,IF($D16<=0,0,ROUND(F16*J16,2)),"")} -> 2745000
A17: 1 | B17: Laporan Pendahuluan | D17: 3 | E17: {=D17} -> 3 | F17: {=D17} -> 3 | G17: rangkap | H17: 200000 | I17: 200000 | J17: 200000 | K17: 11 | L17: {=IF(D17>0,IF($D17<=0,0,D17*H17),"")} -> 600000 | M17: {=IF(E17>0,IF($D17<=0,0,ROUND(E17*I17,2)),"")} -> 600000 | N17: {=IF(F17>0,IF($D17<=0,0,ROUND(F17*J17,2)),"")} -> 600000
A18: 2 | B18: Laporan Bulanan | D18: 9 | E18: {=D18} -> 9 | F18: {=D18} -> 9 | G18: rangkap | H18: 150000 | I18: 150000 | J18: 150000 | K18: 11 | L18: {=IF(D18>0,IF($D18<=0,0,D18*H18),"")} -> 1350000 | M18: {=IF(E18>0,IF($D18<=0,0,ROUND(E18*I18,2)),"")} -> 1350000 | N18: {=IF(F18>0,IF($D18<=0,0,ROUND(F18*J18,2)),"")} -> 1350000
A19: 3 | B19: Laporan Akhir | D19: 3 | E19: {=D19} -> 3 | F19: {=D19} -> 3 | G19: rangkap | H19: 200000 | I19: 200000 | J19: 200000 | K19: 11 | L19: {=IF(D19>0,IF($D19<=0,0,D19*H19),"")} -> 600000 | M19: {=IF(E19>0,IF($D19<=0,0,ROUND(E19*I19,2)),"")} -> 600000 | N19: {=IF(F19>0,IF($D19<=0,0,ROUND(F19*J19,2)),"")} -> 600000
A20: 4 | B20: SSD External 1 TB | D20: 1 | E20: {=D20} -> 1 | F20: {=D20} -> 1 | G20: Buah | H20: 2000000 | I20: 2000000 | J20: 2000000 | K20: 11 | L20: {=IF(D20>0,IF($D20<=0,0,D20*H20),"")} -> 2000000 | M20: {=IF(E20>0,IF($D20<=0,0,ROUND(E20*I20,2)),"")} -> 2000000 | N20: {=IF(F20>0,IF($D20<=0,0,ROUND(F20*J20,2)),"")} -> 2000000
A21: V | B21: BPJS | L21: {=IF(D21>0,IF($D21<=0,0,D21*H21),"")} | M21: {=IF(E21>0,IF($D21<=0,0,ROUND(E21*I21,2)),"")} | N21: {=IF(F21>0,IF($D21<=0,0,ROUND(F21*J21,2)),"")}
B22: NKKK = 100.000.000,- | D22: 1 | E22: {=D22} -> 1 | F22: {=D22} -> 1 | G22: LS | H22: 161799.6 | I22: 161388 | J22: 161388 | K22: 0 | L22: {=IF(D22>0,IF($D22<=0,0,D22*H22),"")} -> 161799.6 | M22: {=IF(E22>0,IF($D22<=0,0,ROUND(E22*I22,2)),"")} -> 161388 | N22: {=IF(F22>0,IF($D22<=0,0,ROUND(F22*J22,2)),"")} -> 161388
L23: {=IF(D23>0,IF($D23<=0,0,D23*H23),"")} | M23: {=IF(E23>0,IF($D23<=0,0,ROUND(E23*I23,2)),"")} | N23: {=IF(F23>0,IF($D23<=0,0,ROUND(F23*J23,2)),"")}
K24: Jumlah Total (A) | L24: {=SUM(L1:L23)} -> 67578300 | M24: {=SUM(M1:M23)} -> 67406388 | N24: {=SUM(N1:N23)} -> 67406388
B25: HIT BPJS | D25: {=ROUND(IF(L25<=100000000,L25*0.24%,IF(AND(L25>100000000,L25<=500000000),100000000*0.24%+(L25-100000000)*0.19%,IF(AND(L25>500000000,L25<=1000000000),100000000*0.24%+400000000*0.19%+(L25-500000000)*0.15%,IF(AND(L25>1000000000,L25<=5000000000),100000000*0.24%+400000000*0.19%+500000000*0.15%+(L25-1000000000)*0.12%,IF(L25>5000000000,100000000*0.24%+400000000*0.19%+500000000*0.15%+4000000000*0.12%+(L25-5000000000)*0.1%,"Bingung komputer"))))),2)} -> 161799.6 | E25: {=ROUND(IF(M25<=100000000,M25*0.24%,IF(AND(M25>100000000,M25<=500000000),100000000*0.24%+(M25-100000000)*0.19%,IF(AND(M25>500000000,M25<=1000000000),100000000*0.24%+400000000*0.19%+(M25-500000000)*0.15%,IF(AND(M25>1000000000,M25<=5000000000),100000000*0.24%+400000000*0.19%+500000000*0.15%+(M25-1000000000)*0.12%,IF(M25>5000000000,100000000*0.24%+400000000*0.19%+500000000*0.15%+4000000000*0.12%+(M25-5000000000)*0.1%,"Bingung komputer"))))),2)} -> 161388 | F25: {=ROUND(IF(N25<=100000000,N25*0.24%,IF(AND(N25>100000000,N25<=500000000),100000000*0.24%+(N25-100000000)*0.19%,IF(AND(N25>500000000,N25<=1000000000),100000000*0.24%+400000000*0.19%+(N25-500000000)*0.15%,IF(AND(N25>1000000000,N25<=5000000000),100000000*0.24%+400000000*0.19%+500000000*0.15%+(N25-1000000000)*0.12%,IF(N25>5000000000,100000000*0.24%+400000000*0.19%+500000000*0.15%+4000000000*0.12%+(N25-5000000000)*0.1%,"Bingung komputer"))))),2)} -> 161388 | K25: {="Jumlah Terkena Pajak "&MAX(K3:K23)&"% (B)"} -> Jumlah Terkena Pajak 11,00% (B) | L25: {=SUMIF($K3:$K23,">0",L3:L23)} -> 67416500 | M25: {=SUMIF($K3:$K23,">0",M3:M23)} -> 67245000 | N25: {=SUMIF($K3:$K23,">0",N3:N23)} -> 67245000
K26: {="PPN (C) = "&MAX(K3:K23)&"% x B"} -> PPN (C) = 11,00% x B | L26: {=L25*MAX($K3:$K23)%} -> 7415815 | M26: {=M25*MAX($K3:$K23)%} -> 7396950 | N26: {=N25*MAX($K3:$K23)%} -> 7396950
K27: Jumlah Total (D) = (A) + ( C ) | L27: {=L24+L26} -> 74994115 | M27: {=M24+M26} -> 74803338 | N27: {=N24+N26} -> 74803338
K28: Jumlah Total dibulatkan (E) | L28: {=ROUNDDOWN(L27,2)} -> 74994115 | M28: {=ROUNDDOWN(M27,2)} -> 74803338 | N28: {=ROUNDDOWN(N27,-3)} -> 74803000

Sheet 49015289
A1: No. | B1: Uraian Pekerjaan | D1: Kuantitas | G1: Satuan | H1: Harga Satuan | K1: PAJAK | L1: JUMLAH
D2: HPS | E2: Penawaran | F2: Negoisasi | H2: HPS | I2: Penawaran | J2: Negoisasi | L2: HPS | M2: Penawaran | N2: Negoisasi
A3: A | B3: BIAYA LANGSUNG PERSONIL | L3: {=IF(D3>0,IF($D3<=0,0,D3*H3),"")} | M3: {=IF(E3>0,IF($D3<=0,0,ROUND(E3*I3,2)),"")} | N3: {=IF(F3>0,IF($D3<=0,0,ROUND(F3*J3,2)),"")}
A4: I | B4: PROFESIONAL STAFF/SUB PROFESIONAL STAFF | L4: {=IF(D4>0,IF($D4<=0,0,D4*H4),"")} | M4: {=IF(E4>0,IF($D4<=0,0,ROUND(E4*I4,2)),"")} | N4: {=IF(F4>0,IF($D4<=0,0,ROUND(F4*J4,2)),"")}
A5: 1 | B5: Team Leader/Inspektur/pengawas (Ahli Teknik Jalan) | D5: 5 | E5: {=D5} -> 5 | F5: {=D5} -> 5 | G5: Orang/Bln | H5: 6500000 | I5: 6470000 | J5: 6470000 | K5: 11 | L5: {=IF(D5>0,IF($D5<=0,0,D5*H5),"")} -> 32500000 | M5: {=IF(E5>0,IF($D5<=0,0,ROUND(E5*I5,2)),"")} -> 32350000 | N5: {=IF(F5>0,IF($D5<=0,0,ROUND(F5*J5,2)),"")} -> 32350000
A6: B | B6: BIAYA LANGSUNG NON PERSONIL | L6: {=IF(D6>0,IF($D6<=0,0,D6*H6),"")} | M6: {=IF(E6>0,IF($D6<=0,0,ROUND(E6*I6,2)),"")} | N6: {=IF(F6>0,IF($D6<=0,0,ROUND(F6*J6,2)),"")}
A7: I | B7: KANTOR, AKOMODASI DAN PERALATAN | L7: {=IF(D7>0,IF($D7<=0,0,D7*H7),"")} | M7: {=IF(E7>0,IF($D7<=0,0,ROUND(E7*I7,2)),"")} | N7: {=IF(F7>0,IF($D7<=0,0,ROUND(F7*J7,2)),"")}
A8: 1 | B8: Sewa Printer A4 | D8: 1 | E8: {=D8} -> 1 | F8: {=D8} -> 1 | G8: LS | H8: 1270000 | I8: 1250000 | J8: 1250000 | K8: 11 | L8: {=IF(D8>0,IF($D8<=0,0,D8*H8),"")} -> 1270000 | M8: {=IF(E8>0,IF($D8<=0,0,ROUND(E8*I8,2)),"")} -> 1250000 | N8: {=IF(F8>0,IF($D8<=0,0,ROUND(F8*J8,2)),"")} -> 1250000
A9: 2 | B9: ATK, Tinta Printer, akomodasi, listrik & telepon/Internet | D9: 1 | E9: {=D9} -> 1 | F9: {=D9} -> 1 | G9: LS | H9: 3000000 | I9: 3000000 | J9: 3000000 | K9: 11 | L9: {=IF(D9>0,IF($D9<=0,0,D9*H9),"")} -> 3000000 | M9: {=IF(E9>0,IF($D9<=0,0,ROUND(E9*I9,2)),"")} -> 3000000 | N9: {=IF(F9>0,IF($D9<=0,0,ROUND(F9*J9,2)),"")} -> 3000000
A10: 3 | B10: Sewa Laptop | D10: 1 | E10: {=D10} -> 1 | F10: {=D10} -> 1 | G10: LS | H10: 1000000 | I10: 1000000 | J10: 1000000 | K10: 11 | L10: {=IF(D10>0,IF($D10<=0,0,D10*H10),"")} -> 1000000 | M10: {=IF(E10>0,IF($D10<=0,0,ROUND(E10*I10,2)),"")} -> 1000000 | N10: {=IF(F10>0,IF($D10<=0,0,ROUND(F10*J10,2)),"")} -> 1000000
B11: BIAYA SMK3 | L11: {=IF(D11>0,IF($D11<=0,0,D11*H11),"")} | M11: {=IF(E11>0,IF($D11<=0,0,ROUND(E11*I11,2)),"")} | N11: {=IF(F11>0,IF($D11<=0,0,ROUND(F11*J11,2)),"")}
A12: 4 | B12: Helem Proyek | D12: 1 | E12: {=D12} -> 1 | F12: {=D12} -> 1 | G12: buah | H12: 77000 | I12: 70000 | J12: 70000 | K12: 11 | L12: {=IF(D12>0,IF($D12<=0,0,D12*H12),"")} -> 77000 | M12: {=IF(E12>0,IF($D12<=0,0,ROUND(E12*I12,2)),"")} -> 70000 | N12: {=IF(F12>0,IF($D12<=0,0,ROUND(F12*J12,2)),"")} -> 70000
A13: 5 | B13: Sepatu Safety | D13: 1 | E13: {=D13} -> 1 | F13: {=D13} -> 1 | G13: buah | H13: 250000 | I13: 250000 | J13: 250000 | K13: 11 | L13: {=IF(D13>0,IF($D13<=0,0,D13*H13),"")} -> 250000 | M13: {=IF(E13>0,IF($D13<=0,0,ROUND(E13*I13,2)),"")} -> 250000 | N13: {=IF(F13>0,IF($D13<=0,0,ROUND(F13*J13,2)),"")} -> 250000
B14: BIAYA SEWA KENDARAAN/TRANSPORTASI | L14: {=IF(D14>0,IF($D14<=0,0,D14*H14),"")} | M14: {=IF(E14>0,IF($D14<=0,0,ROUND(E14*I14,2)),"")} | N14: {=IF(F14>0,IF($D14<=0,0,ROUND(F14*J14,2)),"")}
A15: 1 | B15: Sewa & Ops. Kendaraan (1 unit) | D15: 1 | E15: {=D15} -> 1 | F15: {=D15} -> 1 | G15: LS | H15: 2500000 | I15: 2500000 | J15: 2500000 | K15: 11 | L15: {=IF(D15>0,IF($D15<=0,0,D15*H15),"")} -> 2500000 | M15: {=IF(E15>0,IF($D15<=0,0,ROUND(E15*I15,2)),"")} -> 2500000 | N15: {=IF(F15>0,IF($D15<=0,0,ROUND(F15*J15,2)),"")} -> 2500000
A16: 2 | B16: Laporan Pendahuluan | D16: 3 | E16: {=D16} -> 3 | F16: {=D16} -> 3 | G16: rangkap | H16: 200000 | I16: 200000 | J16: 200000 | K16: 11 | L16: {=IF(D16>0,IF($D16<=0,0,D16*H16),"")} -> 600000 | M16: {=IF(E16>0,IF($D16<=0,0,ROUND(E16*I16,2)),"")} -> 600000 | N16: {=IF(F16>0,IF($D16<=0,0,ROUND(F16*J16,2)),"")} -> 600000
A17: 3 | B17: Laporan Bulanan | D17: 9 | E17: {=D17} -> 9 | F17: {=D17} -> 9 | G17: rangkap | H17: 150000 | I17: 150000 | J17: 150000 | K17: 11 | L17: {=IF(D17>0,IF($D17<=0,0,D17*H17),"")} -> 1350000 | M17: {=IF(E17>0,IF($D17<=0,0,ROUND(E17*I17,2)),"")} -> 1350000 | N17: {=IF(F17>0,IF($D17<=0,0,ROUND(F17*J17,2)),"")} -> 1350000
A18: 4 | B18: Laporan Akhir | D18: 3 | E18: {=D18} -> 3 | F18: {=D18} -> 3 | G18: rangkap | H18: 200000 | I18: 200000 | J18: 200000 | K18: 11 | L18: {=IF(D18>0,IF($D18<=0,0,D18*H18),"")} -> 600000 | M18: {=IF(E18>0,IF($D18<=0,0,ROUND(E18*I18,2)),"")} -> 600000 | N18: {=IF(F18>0,IF($D18<=0,0,ROUND(F18*J18,2)),"")} -> 600000
A19: 5 | B19: SSD External 1 TB | D19: 1 | E19: {=D19} -> 1 | F19: {=D19} -> 1 | G19: Buah | H19: 1800000 | I19: 1800000 | J19: 1800000 | K19: 11 | L19: {=IF(D19>0,IF($D19<=0,0,D19*H19),"")} -> 1800000 | M19: {=IF(E19>0,IF($D19<=0,0,ROUND(E19*I19,2)),"")} -> 1800000 | N19: {=IF(F19>0,IF($D19<=0,0,ROUND(F19*J19,2)),"")} -> 1800000
A20: V | B20: BPJS | L20: {=IF(D20>0,IF($D20<=0,0,D20*H20),"")} | M20: {=IF(E20>0,IF($D20<=0,0,ROUND(E20*I20,2)),"")} | N20: {=IF(F20>0,IF($D20<=0,0,ROUND(F20*J20,2)),"")}
B21: NKKK = 100.000.000,- | D21: 1 | E21: {=D21} -> 1 | F21: {=D21} -> 1 | G21: LS | H21: 107872.8 | I21: 107448 | J21: 107448 | K21: 0 | L21: {=IF(D21>0,IF($D21<=0,0,D21*H21),"")} -> 107872.8 | M21: {=IF(E21>0,IF($D21<=0,0,ROUND(E21*I21,2)),"")} -> 107448 | N21: {=IF(F21>0,IF($D21<=0,0,ROUND(F21*J21,2)),"")} -> 107448
L22: {=IF(D22>0,IF($D22<=0,0,D22*H22),"")} | M22: {=IF(E22>0,IF($D22<=0,0,ROUND(E22*I22,2)),"")} | N22: {=IF(F22>0,IF($D22<=0,0,ROUND(F22*J22,2)),"")}
K23: Jumlah Total (A) | L23: {=SUM(L1:L22)} -> 45054873 | M23: {=SUM(M1:M22)} -> 44877448 | N23: {=SUM(N1:N22)} -> 44877448
B24: HIT BPJS | D24: {=ROUND(IF(L24<=100000000,L24*0.24%,IF(AND(L24>100000000,L24<=500000000),100000000*0.24%+(L24-100000000)*0.19%,IF(AND(L24>500000000,L24<=1000000000),100000000*0.24%+400000000*0.19%+(L24-500000000)*0.15%,IF(AND(L24>1000000000,L24<=5000000000),100000000*0.24%+400000000*0.19%+500000000*0.15%+(L24-1000000000)*0.12%,IF(L24>5000000000,100000000*0.24%+400000000*0.19%+500000000*0.15%+4000000000*0.12%+(L24-5000000000)*0.1%,"Bingung komputer"))))),2)} -> 107872.8 | E24: {=ROUND(IF(M24<=100000000,M24*0.24%,IF(AND(M24>100000000,M24<=500000000),100000000*0.24%+(M24-100000000)*0.19%,IF(AND(M24>500000000,M24<=1000000000),100000000*0.24%+400000000*0.19%+(M24-500000000)*0.15%,IF(AND(M24>1000000000,M24<=5000000000),100000000*0.24%+400000000*0.19%+500000000*0.15%+(M24-1000000000)*0.12%,IF(M24>5000000000,100000000*0.24%+400000000*0.19%+500000000*0.15%+4000000000*0.12%+(M24-5000000000)*0.1%,"Bingung komputer"))))),2)} -> 107448 | F24: {=ROUND(IF(N24<=100000000,N24*0.24%,IF(AND(N24>100000000,N24<=500000000),100000000*0.24%+(N24-100000000)*0.19%,IF(AND(N24>500000000,N24<=1000000000),100000000*0.24%+400000000*0.19%+(N24-500000000)*0.15%,IF(AND(N24>1000000000,N24<=5000000000),100000000*0.24%+400000000*0.19%+500000000*0.15%+(N24-1000000000)*0.12%,IF(N24>5000000000,100000000*0.24%+400000000*0.19%+500000000*0.15%+4000000000*0.12%+(N24-5000000000)*0.1%,"Bingung komputer"))))),2)} -> 107448 | K24: {="Jumlah Terkena Pajak "&MAX(K3:K22)&"% (B)"} -> Jumlah Terkena Pajak 11,00% (B) | L24: {=SUMIF($K3:$K22,">0",L3:L22)} -> 44947000 | M24: {=SUMIF($K3:$K22,">0",M3:M22)} -> 44770000 | N24: {=SUMIF($K3:$K22,">0",N3:N22)} -> 44770000
K25: {="PPN (C) = "&MAX(K3:K22)&"% x B"} -> PPN (C) = 11,00% x B | L25: {=L24*MAX($K3:$K22)%} -> 4944170 | M25: {=M24*MAX($K3:$K22)%} -> 4924700 | N25: {=N24*MAX($K3:$K22)%} -> 4924700
K26: Jumlah Total (D) = (A) + ( C ) | L26: {=L23+L25} -> 49999043 | M26: {=M23+M25} -> 49802148 | N26: {=N23+N25} -> 49802148
K27: Jumlah Total dibulatkan (E) | L27: {=ROUNDDOWN(L26,2)} -> 49999043 | M27: {=ROUNDDOWN(M26,2)} -> 49802148 | N27: {=ROUNDDOWN(N26,-3)} -> 49802000

Sheet 49013313
A1: No. | B1: Uraian Pekerjaan | D1: Kuantitas | G1: Satuan | H1: Harga Satuan | K1: PAJAK | L1: JUMLAH
D2: HPS | E2: Penawaran | F2: Negoisasi | H2: HPS | I2: Penawaran | J2: Negoisasi | L2: HPS | M2: Penawaran | N2: Negoisasi
B3: DIVISI 1. UMUM | L3: {=IF(D3>0,IF($D3<=0,0,D3*H3),"")} | M3: {=IF(E3>0,IF($D3<=0,0,ROUND(E3*I3,2)),"")} | N3: {=IF(F3>0,IF($D3<=0,0,ROUND(F3*J3,2)),"")}
A4: 1.2 | B4: Mobilisasi | D4: 1 | E4: {=D4} -> 1 | F4: {=D4} -> 1 | G4: LS | H4: 27550000 | I4: 27470000 | J4: 27470000 | K4: 11 | L4: {=IF(D4>0,IF($D4<=0,0,D4*H4),"")} -> 27550000 | M4: {=IF(E4>0,IF($D4<=0,0,ROUND(E4*I4,2)),"")} -> 27470000 | N4: {=IF(F4>0,IF($D4<=0,0,ROUND(F4*J4,2)),"")} -> 27470000
B5: DIVISI 3. PEKERJAAN TANAH | L5: {=IF(D5>0,IF($D5<=0,0,D5*H5),"")} | M5: {=IF(E5>0,IF($D5<=0,0,ROUND(E5*I5,2)),"")} | N5: {=IF(F5>0,IF($D5<=0,0,ROUND(F5*J5,2)),"")}
A6: 3.1.(1a) | B6: Galian Biasa (Cuttingan) | D6: 1196 | E6: {=D6} -> 1196 | F6: {=D6} -> 1196 | G6: M3 | H6: 36207.05 | I6: 36198.66 | J6: 36198.66 | K6: 11 | L6: {=IF(D6>0,IF($D6<=0,0,D6*H6),"")} -> 43303632 | M6: {=IF(E6>0,IF($D6<=0,0,ROUND(E6*I6,2)),"")} -> 43293597 | N6: {=IF(F6>0,IF($D6<=0,0,ROUND(F6*J6,2)),"")} -> 43293597
A7: 3.2.(1a) | B7: Timbunan Biasa dari sumber galian | D7: 564.8 | E7: {=D7} -> 564.8 | F7: {=D7} -> 564.8 | G7: M3 | H7: 174503.35 | I7: 174503.35 | J7: 174503.35 | K7: 11 | L7: {=IF(D7>0,IF($D7<=0,0,D7*H7),"")} -> 98559492 | M7: {=IF(E7>0,IF($D7<=0,0,ROUND(E7*I7,2)),"")} -> 98559492 | N7: {=IF(F7>0,IF($D7<=0,0,ROUND(F7*J7,2)),"")} -> 98559492
A8: 3.3.(1) | B8: Penyiapan Badan Jalan | D8: 3177 | E8: {=D8} -> 3177 | F8: {=D8} -> 3177 | G8: M2 | H8: 1816.48 | I8: 1816.07 | J8: 1816.07 | K8: 11 | L8: {=IF(D8>0,IF($D8<=0,0,D8*H8),"")} -> 5770957 | M8: {=IF(E8>0,IF($D8<=0,0,ROUND(E8*I8,2)),"")} -> 5769654.4 | N8: {=IF(F8>0,IF($D8<=0,0,ROUND(F8*J8,2)),"")} -> 5769654.4
B9: Biaya BPJS Ketenaga Kerjaan | L9: {=IF(D9>0,IF($D9<=0,0,D9*H9),"")}
A10: 1 | B10: JKK/JKM | D10: 1 | E10: {=D10} -> 1 | F10: {=D10} -> 1 | G10: LS | H10: 382850 | I10: 382676 | J10: 382676 | K10: 0 | L10: {=IF(D10>0,IF($D10<=0,0,D10*H10),"")} -> 382850 | M10: {=IF(E10>0,IF($D10<=0,0,ROUND(E10*I10,2)),"")} -> 382676 | N10: {=IF(F10>0,IF($D10<=0,0,ROUND(F10*J10,2)),"")} -> 382676
K27: Jumlah Total (A) | L27: {=SUM(L1:L26)} -> 1.7556693e+08 | M27: {=SUM(M1:M26)} -> 1.7547542e+08 | N27: {=SUM(N1:N26)} -> 1.7547542e+08
B28: HIT BPJS | D28: {=ROUND(IF(L28<=100000000,L28*0.24%,IF(AND(L28>100000000,L28<=500000000),100000000*0.24%+(L28-100000000)*0.19%,IF(AND(L28>500000000,L28<=1000000000),100000000*0.24%+400000000*0.19%+(L28-500000000)*0.15%,IF(AND(L28>1000000000,L28<=5000000000),100000000*0.24%+400000000*0.19%+500000000*0.15%+(L28-1000000000)*0.12%,IF(L28>5000000000,100000000*0.24%+400000000*0.19%+500000000*0.15%+4000000000*0.12%+(L28-5000000000)*0.1%,"Bingung komputer"))))),2)} -> 382849.75 | E28: {=ROUND(IF(M28<=100000000,M28*0.24%,IF(AND(M28>100000000,M28<=500000000),100000000*0.24%+(M28-100000000)*0.19%,IF(AND(M28>500000000,M28<=1000000000),100000000*0.24%+400000000*0.19%+(M28-500000000)*0.15%,IF(AND(M28>1000000000,M28<=5000000000),100000000*0.24%+400000000*0.19%+500000000*0.15%+(M28-1000000000)*0.12%,IF(M28>5000000000,100000000*0.24%+400000000*0.19%+500000000*0.15%+4000000000*0.12%+(M28-5000000000)*0.1%,"Bingung komputer"))))),2)} -> 382676.21 | F28: {=ROUND(IF(N28<=100000000,N28*0.24%,IF(AND(N28>100000000,N28<=500000000),100000000*0.24%+(N28-100000000)*0.19%,IF(AND(N28>500000000,N28<=1000000000),100000000*0.24%+400000000*0.19%+(N28-500000000)*0.15%,IF(AND(N28>1000000000,N28<=5000000000),100000000*0.24%+400000000*0.19%+500000000*0.15%+(N28-1000000000)*0.12%,IF(N28>5000000000,100000000*0.24%+400000000*0.19%+500000000*0.15%+4000000000*0.12%+(N28-5000000000)*0.1%,"Bingung komputer"))))),2)} -> 382676.21 | K28: {="Jumlah Terkena Pajak "&MAX(K3:K26)&"% (B)"} -> Jumlah Terkena Pajak 11,00% (B) | L28: {=SUMIF($K3:$K26,">0",L3:L26)} -> 1.7518408e+08 | M28: {=SUMIF($K3:$K26,">0",M3:M26)} -> 1.7509274e+08 | N28: {=SUMIF($K3:$K26,">0",N3:N26)} -> 1.7509274e+08
K29: {="PPN (C) = "&MAX(K3:K26)&"% x B"} -> PPN (C) = 11,00% x B | L29: {=L28*MAX($K3:$K26)%} -> 19270249 | M29: {=M28*MAX($K3:$K26)%} -> 19260202 | N29: {=N28*MAX($K3:$K26)%} -> 19260202
K30: Jumlah Total (D) = (A) + ( C ) | L30: {=L27+L29} -> 1.9483718e+08 | M30: {=M27+M29} -> 1.9473562e+08 | N30: {=N27+N29} -> 1.9473562e+08
K31: Jumlah Total dibulatkan (E) | L31: {=ROUNDDOWN(L30,2)} -> 1.9483718e+08 | M31: {=ROUNDDOWN(M30,2)} -> 1.9473562e+08 | N31: {=ROUNDDOWN(N30,-3)} -> 194735000

Sheet 49013354
A1: No. | B1: Uraian Pekerjaan | D1: Kuantitas | G1: Satuan | H1: Harga Satuan | K1: PAJAK | L1: JUMLAH
D2: HPS | E2: Penawaran | F2: Negoisasi | H2: HPS | I2: Penawaran | J2: Negoisasi | L2: HPS | M2: Penawaran | N2: Negoisasi
B3: DIVISI 1. UMUM | L3: {=IF(D3>0,IF($D3<=0,0,D3*H3),"")} | M3: {=IF(E3>0,IF($D3<=0,0,ROUND(E3*I3,2)),"")} | N3: {=IF(F3>0,IF($D3<=0,0,ROUND(F3*J3,2)),"")}
A4: 1.2 | B4: Mobilisasi | D4: 1 | E4: {=D4} -> 1 | F4: {=D4} -> 1 | G4: LS | H4: 27510000 | I4: 27430000 | J4: 27430000 | K4: 11 | L4: {=IF(D4>0,IF($D4<=0,0,D4*H4),"")} -> 27510000 | M4: {=IF(E4>0,IF($D4<=0,0,ROUND(E4*I4,2)),"")} -> 27430000 | N4: {=IF(F4>0,IF($D4<=0,0,ROUND(F4*J4,2)),"")} -> 27430000
B5: DIVISI 3. PEKERJAAN TANAH | L5: {=IF(D5>0,IF($D5<=0,0,D5*H5),"")} | M5: {=IF(E5>0,IF($D5<=0,0,ROUND(E5*I5,2)),"")} | N5: {=IF(F5>0,IF($D5<=0,0,ROUND(F5*J5,2)),"")}
A6: 3.2.(1a) | B6: Timbunan Biasa dari sumber galian | D6: 675.75 | E6: {=D6} -> 675.75 | F6: {=D6} -> 675.75 | G6: M3 | H6: 207735.24 | I6: 207735.24 | J6: 207735.24 | K6: 11 | L6: {=IF(D6>0,IF($D6<=0,0,D6*H6),"")} -> 1.4037709e+08 | M6: {=IF(E6>0,IF($D6<=0,0,ROUND(E6*I6,2)),"")} -> 1.4037709e+08 | N6: {=IF(F6>0,IF($D6<=0,0,ROUND(F6*J6,2)),"")} -> 1.4037709e+08
A7: 3.3.(1) | B7: Penyiapan Badan Jalan | D7: 3975 | E7: {=D7} -> 3975 | F7: {=D7} -> 3975 | G7: M2 | H7: 1816.48 | I7: 1815.92 | J7: 1815.92 | K7: 11 | L7: {=IF(D7>0,IF($D7<=0,0,D7*H7),"")} -> 7220508 | M7: {=IF(E7>0,IF($D7<=0,0,ROUND(E7*I7,2)),"")} -> 7218282 | N7: {=IF(F7>0,IF($D7<=0,0,ROUND(F7*J7,2)),"")} -> 7218282
B8: Biaya BPJS Ketenaga Kerjaan | L8: {=IF(D8>0,IF($D8<=0,0,D8*H8),"")}
A9: 1 | B9: JKK/JKM | D9: 1 | E9: {=D9} -> 1 | F9: {=D9} -> 1 | G9: LS | H9: 382704 | I9: 382548 | J9: 382548 | K9: 0 | L9: {=IF(D9>0,IF($D9<=0,0,D9*H9),"")} -> 382704 | M9: {=IF(E9>0,IF($D9<=0,0,ROUND(E9*I9,2)),"")} -> 382548 | N9: {=IF(F9>0,IF($D9<=0,0,ROUND(F9*J9,2)),"")} -> 382548
K26: Jumlah Total (A) | L26: {=SUM(L1:L25)} -> 1.754903e+08 | M26: {=SUM(M1:M25)} -> 1.7540792e+08 | N26: {=SUM(N1:N25)} -> 1.7540792e+08
B27: HIT BPJS | D27: {=ROUND(IF(L27<=100000000,L27*0.24%,IF(AND(L27>100000000,L27<=500000000),100000000*0.24%+(L27-100000000)*0.19%,IF(AND(L27>500000000,L27<=1000000000),100000000*0.24%+400000000*0.19%+(L27-500000000)*0.15%,IF(AND(L27>1000000000,L27<=5000000000),100000000*0.24%+400000000*0.19%+500000000*0.15%+(L27-1000000000)*0.12%,IF(L27>5000000000,100000000*0.24%+400000000*0.19%+500000000*0.15%+4000000000*0.12%+(L27-5000000000)*0.1%,"Bingung komputer"))))),2)} -> 382704.43 | E27: {=ROUND(IF(M27<=100000000,M27*0.24%,IF(AND(M27>100000000,M27<=500000000),100000000*0.24%+(M27-100000000)*0.19%,IF(AND(M27>500000000,M27<=1000000000),100000000*0.24%+400000000*0.19%+(M27-500000000)*0.15%,IF(AND(M27>1000000000,M27<=5000000000),100000000*0.24%+400000000*0.19%+500000000*0.15%+(M27-1000000000)*0.12%,IF(M27>5000000000,100000000*0.24%+400000000*0.19%+500000000*0.15%+4000000000*0.12%+(M27-5000000000)*0.1%,"Bingung komputer"))))),2)} -> 382548.2 | F27: {=ROUND(IF(N27<=100000000,N27*0.24%,IF(AND(N27>100000000,N27<=500000000),100000000*0.24%+(N27-100000000)*0.19%,IF(AND(N27>500000000,N27<=1000000000),100000000*0.24%+400000000*0.19%+(N27-500000000)*0.15%,IF(AND(N27>1000000000,N27<=5000000000),100000000*0.24%+400000000*0.19%+500000000*0.15%+(N27-1000000000)*0.12%,IF(N27>5000000000,100000000*0.24%+400000000*0.19%+500000000*0.15%+4000000000*0.12%+(N27-5000000000)*0.1%,"Bingung komputer"))))),2)} -> 382548.2 | K27: {="Jumlah Terkena Pajak "&MAX(K3:K25)&"% (B)"} -> Jumlah Terkena Pajak 11,00% (B) | L27: {=SUMIF($K3:$K25,">0",L3:L25)} -> 1.751076e+08 | M27: {=SUMIF($K3:$K25,">0",M3:M25)} -> 1.7502537e+08 | N27: {=SUMIF($K3:$K25,">0",N3:N25)} -> 1.7502537e+08
K28: {="PPN (C) = "&MAX(K3:K25)&"% x B"} -> PPN (C) = 11,00% x B | L28: {=L27*MAX($K3:$K25)%} -> 19261836 | M28: {=M27*MAX($K3:$K25)%} -> 19252791 | N28: {=N27*MAX($K3:$K25)%} -> 19252791
K29: Jumlah Total (D) = (A) + ( C ) | L29: {=L26+L28} -> 1.9475214e+08 | M29: {=M26+M28} -> 1.9466071e+08 | N29: {=N26+N28} -> 1.9466071e+08
K30: Jumlah Total dibulatkan (E) | L30: {=ROUNDDOWN(L29,2)} -> 1.9475214e+08 | M30: {=ROUNDDOWN(M29,2)} -> 1.9466071e+08 | N30: {=ROUNDDOWN(N29,-3)} -> 194660000

Sheet 49013411
A1: No. | B1: Uraian Pekerjaan | D1: Kuantitas | G1: Satuan | H1: Harga Satuan | K1: PAJAK | L1: JUMLAH
D2: HPS | E2: Penawaran | F2: Negoisasi | H2: HPS | I2: Penawaran | J2: Negoisasi | L2: HPS | M2: Penawaran | N2: Negoisasi
B3: DIVISI 1. UMUM | L3: {=IF(D3>0,IF($D3<=0,0,D3*H3),"")} | M3: {=IF(E3>0,IF($D3<=0,0,ROUND(E3*I3,2)),"")} | N3: {=IF(F3>0,IF($D3<=0,0,ROUND(F3*J3,2)),"")}
A4: 1.2 | B4: Mobilisasi | D4: 1 | E4: {=D4} -> 1 | F4: {=D4} -> 1 | G4: LS | H4: 27062000 | I4: 27002000 | J4: 27002000 | K4: 11 | L4: {=IF(D4>0,IF($D4<=0,0,D4*H4),"")} -> 27062000 | M4: {=IF(E4>0,IF($D4<=0,0,ROUND(E4*I4,2)),"")} -> 27002000 | N4: {=IF(F4>0,IF($D4<=0,0,ROUND(F4*J4,2)),"")} -> 27002000
B5: DIVISI 3. PEKERJAAN TANAH | L5: {=IF(D5>0,IF($D5<=0,0,D5*H5),"")} | M5: {=IF(E5>0,IF($D5<=0,0,ROUND(E5*I5,2)),"")} | N5: {=IF(F5>0,IF($D5<=0,0,ROUND(F5*J5,2)),"")}
A6: 3.2.(1a) | B6: Timbunan Biasa dari sumber galian | D6: 537.63 | E6: {=D6} -> 537.63 | F6: {=D6} -> 537.63 | G6: M3 | H6: 266830.61 | I6: 266816.81 | J6: 266816.81 | K6: 11 | L6: {=IF(D6>0,IF($D6<=0,0,D6*H6),"")} -> 1.4345614e+08 | M6: {=IF(E6>0,IF($D6<=0,0,ROUND(E6*I6,2)),"")} -> 1.4344872e+08 | N6: {=IF(F6>0,IF($D6<=0,0,ROUND(F6*J6,2)),"")} -> 1.4344872e+08
A7: 3.3.(1) | B7: Penyiapan Badan Jalan | D7: 2530 | E7: {=D7} -> 2530 | F7: {=D7} -> 2530 | G7: M2 | H7: 1816.48 | I7: 1815.99 | J7: 1815.99 | K7: 11 | L7: {=IF(D7>0,IF($D7<=0,0,D7*H7),"")} -> 4595694.4 | M7: {=IF(E7>0,IF($D7<=0,0,ROUND(E7*I7,2)),"")} -> 4594454.7 | N7: {=IF(F7>0,IF($D7<=0,0,ROUND(F7*J7,2)),"")} -> 4594454.7
B8: Biaya BPJS Ketenaga Kerjaan | L8: {=IF(D8>0,IF($D8<=0,0,D8*H8),"")}
A9: 1 | B9: JKK/JKM | D9: 1 | E9: {=D9} -> 1 | F9: {=D9} -> 1 | G9: LS | H9: 382714 | I9: 382583 | J9: 382583 | K9: 0 | L9: {=IF(D9>0,IF($D9<=0,0,D9*H9),"")} -> 382714 | M9: {=IF(E9>0,IF($D9<=0,0,ROUND(E9*I9,2)),"")} -> 382583 | N9: {=IF(F9>0,IF($D9<=0,0,ROUND(F9*J9,2)),"")} -> 382583
K26: Jumlah Total (A) | L26: {=SUM(L1:L25)} -> 1.7549655e+08 | M26: {=SUM(M1:M25)} -> 1.7542776e+08 | N26: {=SUM(N1:N25)} -> 1.7542776e+08
B27: HIT BPJS | D27: {=ROUND(IF(L27<=100000000,L27*0.24%,IF(AND(L27>100000000,L27<=500000000),100000000*0.24%+(L27-100000000)*0.19%,IF(AND(L27>500000000,L27<=1000000000),100000000*0.24%+400000000*0.19%+(L27-500000000)*0.15%,IF(AND(L27>1000000000,L27<=5000000000),100000000*0.24%+400000000*0.19%+500000000*0.15%+(L27-1000000000)*0.12%,IF(L27>5000000000,100000000*0.24%+400000000*0.19%+500000000*0.15%+4000000000*0.12%+(L27-5000000000)*0.1%,"Bingung komputer"))))),2)} -> 382716.29 | E27: {=ROUND(IF(M27<=100000000,M27*0.24%,IF(AND(M27>100000000,M27<=500000000),100000000*0.24%+(M27-100000000)*0.19%,IF(AND(M27>500000000,M27<=1000000000),100000000*0.24%+400000000*0.19%+(M27-500000000)*0.15%,IF(AND(M27>1000000000,M27<=5000000000),100000000*0.24%+400000000*0.19%+500000000*0.15%+(M27-1000000000)*0.12%,IF(M27>5000000000,100000000*0.24%+400000000*0.19%+500000000*0.15%+4000000000*0.12%+(M27-5000000000)*0.1%,"Bingung komputer"))))),2)} -> 382585.83 | F27: {=ROUND(IF(N27<=100000000,N27*0.24%,IF(AND(N27>100000000,N27<=500000000),100000000*0.24%+(N27-100000000)*0.19%,IF(AND(N27>500000000,N27<=1000000000),100000000*0.24%+400000000*0.19%+(N27-500000000)*0.15%,IF(AND(N27>1000000000,N27<=5000000000),100000000*0.24%+400000000*0.19%+500000000*0.15%+(N27-1000000000)*0.12%,IF(N27>5000000000,100000000*0.24%+400000000*0.19%+500000000*0.15%+4000000000*0.12%+(N27-5000000000)*0.1%,"Bingung komputer"))))),2)} -> 382585.83 | K27: {="Jumlah Terkena Pajak "&MAX(K3:K25)&"% (B)"} -> Jumlah Terkena Pajak 11,00% (B) | L27: {=SUMIF($K3:$K25,">0",L3:L25)} -> 1.7511384e+08 | M27: {=SUMIF($K3:$K25,">0",M3:M25)} -> 1.7504518e+08 | N27: {=SUMIF($K3:$K25,">0",N3:N25)} -> 1.7504518e+08
K28: {="PPN (C) = "&MAX(K3:K25)&"% x B"} -> PPN (C) = 11,00% x B | L28: {=L27*MAX($K3:$K25)%} -> 19262522 | M28: {=M27*MAX($K3:$K25)%} -> 19254969 | N28: {=N27*MAX($K3:$K25)%} -> 19254969
K29: Jumlah Total (D) = (A) + ( C ) | L29: {=L26+L28} -> 1.9475907e+08 | M29: {=M26+M28} -> 1.9468273e+08 | N29: {=N26+N28} -> 1.9468273e+08
K30: Jumlah Total dibulatkan (E) | L30: {=ROUNDDOWN(L29,2)} -> 1.9475907e+08 | M30: {=ROUNDDOWN(M29,2)} -> 1.9468273e+08 | N30: {=ROUNDDOWN(N29,-3)} -> 194682000

Sheet 49013538
A1: No. | B1: Uraian Pekerjaan | D1: Kuantitas | G1: Satuan | H1: Harga Satuan | K1: PAJAK | L1: JUMLAH
D2: HPS | E2: Penawaran | F2: Negoisasi | H2: HPS | I2: Penawaran | J2: Negoisasi | L2: HPS | M2: Penawaran | N2: Negoisasi
B3: DIVISI 1. UMUM | L3: {=IF(D3>0,IF($D3<=0,0,D3*H3),"")} | M3: {=IF(E3>0,IF($D3<=0,0,ROUND(E3*I3,2)),"")} | N3: {=IF(F3>0,IF($D3<=0,0,ROUND(F3*J3,2)),"")}
A4: 1.2 | B4: Mobilisasi | D4: 1 | E4: {=D4} -> 1 | F4: {=D4} -> 1 | G4: LS | H4: 7760000 | I4: 7727500 | J4: 7727500 | K4: 11 | L4: {=IF(D4>0,IF($D4<=0,0,D4*H4),"")} -> 7760000 | M4: {=IF(E4>0,IF($D4<=0,0,ROUND(E4*I4,2)),"")} -> 7727500 | N4: {=IF(F4>0,IF($D4<=0,0,ROUND(F4*J4,2)),"")} -> 7727500
A5: 1.8.(1) | B5: Manajemen dan Keselamatan Lalu Lintas | D5: 1 | E5: {=D5} -> 1 | F5: {=D5} -> 1 | G5: LS | H5: 775000 | I5: 745000 | J5: 745000 | K5: 11 | L5: {=IF(D5>0,IF($D5<=0,0,D5*H5),"")} -> 775000 | M5: {=IF(E5>0,IF($D5<=0,0,ROUND(E5*I5,2)),"")} -> 745000 | N5: {=IF(F5>0,IF($D5<=0,0,ROUND(F5*J5,2)),"")} -> 745000
A6: 1.19 | B6: Keselamatan dan Kesehatan Kerja | D6: 1 | E6: {=D6} -> 1 | F6: {=D6} -> 1 | G6: LS | H6: 3503000 | I6: 3478000 | J6: 3478000 | K6: 11 | L6: {=IF(D6>0,IF($D6<=0,0,D6*H6),"")} -> 3503000 | M6: {=IF(E6>0,IF($D6<=0,0,ROUND(E6*I6,2)),"")} -> 3478000 | N6: {=IF(F6>0,IF($D6<=0,0,ROUND(F6*J6,2)),"")} -> 3478000
B7: DIVISI 3. PEKERJAAN TANAH DAN GEOSINTETIK | L7: {=IF(D7>0,IF($D7<=0,0,D7*H7),"")} | M7: {=IF(E7>0,IF($D7<=0,0,ROUND(E7*I7,2)),"")} | N7: {=IF(F7>0,IF($D7<=0,0,ROUND(F7*J7,2)),"")}
A8: 3.1.(4) | B8: Galian Struktur dengan kedalaman 0 - 2 meter | D8: 81.71 | E8: {=D8} -> 81.71 | F8: {=D8} -> 81.71 | G8: M3 | H8: 37558.16 | I8: 37554.14 | J8: 37554.14 | K8: 11 | L8: {=IF(D8>0,IF($D8<=0,0,D8*H8),"")} -> 3068877.3 | M8: {=IF(E8>0,IF($D8<=0,0,ROUND(E8*I8,2)),"")} -> 3068548.8 | N8: {=IF(F8>0,IF($D8<=0,0,ROUND(F8*J8,2)),"")} -> 3068548.8
B9: DIVISI 7. STRUKTUR | L9: {=IF(D9>0,IF($D9<=0,0,D9*H9),"")} | M9: {=IF(E9>0,IF($D9<=0,0,ROUND(E9*I9,2)),"")} | N9: {=IF(F9>0,IF($D9<=0,0,ROUND(F9*J9,2)),"")}
A10: 7.1 (5a) | B10: Beton struktur, fc’30 Mpa Bangunan Bawah (Abutmen) | D10: 31.28 | E10: {=D10} -> 31.28 | F10: {=D10} -> 31.28 | G10: M3 | H10: 1768272.6 | I10: 1768211.2 | J10: 1768211.2 | K10: 11 | L10: {=IF(D10>0,IF($D10<=0,0,D10*H10),"")} -> 55311567 | M10: {=IF(E10>0,IF($D10<=0,0,ROUND(E10*I10,2)),"")} -> 55309648 | N10: {=IF(F10>0,IF($D10<=0,0,ROUND(F10*J10,2)),"")} -> 55309648
A11: 7.1 (9) | B11: Beton Siklop, fc’15 Mpa | D11: 6.28 | E11: {=D11} -> 6.28 | F11: {=D11} -> 6.28 | G11: M3 | H11: 1002584.4 | I11: 1002584.4 | J11: 1002584.4 | K11: 11 | L11: {=IF(D11>0,IF($D11<=0,0,D11*H11),"")} -> 6296230.1 | M11: {=IF(E11>0,IF($D11<=0,0,ROUND(E11*I11,2)),"")} -> 6296230.1 | N11: {=IF(F11>0,IF($D11<=0,0,ROUND(F11*J11,2)),"")} -> 6296230.1
A12: 7.1 (10) | B12: Beton, fc’10 Mpa (Lantai Kerja) | D12: 2.5 | E12: {=D12} -> 2.5 | F12: {=D12} -> 2.5 | G12: M3 | H12: 1542982.1 | I12: 1542982.1 | J12: 1542982.1 | K12: 11 | L12: {=IF(D12>0,IF($D12<=0,0,D12*H12),"")} -> 3857455.2 | M12: {=IF(E12>0,IF($D12<=0,0,ROUND(E12*I12,2)),"")} -> 3857455.2 | N12: {=IF(F12>0,IF($D12<=0,0,ROUND(F12*J12,2)),"")} -> 3857455.2
A13: 7.3 (1) | B13: Baja Tulangan Polos-BjTP 280 (polos) | D13: 2411.07 | E13: {=D13} -> 2411.07 | F13: {=D13} -> 2411.07 | G13: kg | H13: 23089.13 | I13: 23080.5 | J13: 23080.5 | K13: 11 | L13: {=IF(D13>0,IF($D13<=0,0,D13*H13),"")} -> 55669509 | M13: {=IF(E13>0,IF($D13<=0,0,ROUND(E13*I13,2)),"")} -> 55648701 | N13: {=IF(F13>0,IF($D13<=0,0,ROUND(F13*J13,2)),"")} -> 55648701
A14: 7.9.(1) | B14: Pasangan Batu (Abutmen + Lenning) | D14: 49.79 | E14: {=D14} -> 49.79 | F14: {=D14} -> 49.79 | G14: M3 | H14: 805260.43 | I14: 805125.5 | J14: 805125.5 | K14: 11 | L14: {=IF(D14>0,IF($D14<=0,0,D14*H14),"")} -> 40093917 | M14: {=IF(E14>0,IF($D14<=0,0,ROUND(E14*I14,2)),"")} -> 40087199 | N14: {=IF(F14>0,IF($D14<=0,0,ROUND(F14*J14,2)),"")} -> 40087199
B15: DIVISI 9. PEKERJAAN HARIAN & PEKERJAAN LAIN-LAIN | L15: {=IF(D15>0,IF($D15<=0,0,D15*H15),"")} | M15: {=IF(E15>0,IF($D15<=0,0,ROUND(E15*I15,2)),"")} | N15: {=IF(F15>0,IF($D15<=0,0,ROUND(F15*J15,2)),"")}
A16: 9.1.(19) | B16: Pompa Air 70 - 100 mm | D16: 70 | E16: {=D16} -> 70 | F16: {=D16} -> 70 | G16: Jam | H16: 49007.67 | I16: 49007.67 | J16: 49007.67 | K16: 11 | L16: {=IF(D16>0,IF($D16<=0,0,D16*H16),"")} -> 3430536.9 | M16: {=IF(E16>0,IF($D16<=0,0,ROUND(E16*I16,2)),"")} -> 3430536.9 | N16: {=IF(F16>0,IF($D16<=0,0,ROUND(F16*J16,2)),"")} -> 3430536.9
B17: Biaya BPJS Ketenaga Kerjaan | L17: {=IF(D17>0,IF($D17<=0,0,D17*H17),"")}
A18: 1 | B18: JKK/JKM | D18: 1 | E18: {=D18} -> 1 | F18: {=D18} -> 1 | G18: LS | H18: 391555.22 | I18: 391332.42 | J18: 391332.42 | K18: 0 | L18: {=IF(D18>0,IF($D18<=0,0,D18*H18),"")} -> 391555.22 | M18: {=IF(E18>0,IF($D18<=0,0,ROUND(E18*I18,2)),"")} -> 391332.42 | N18: {=IF(F18>0,IF($D18<=0,0,ROUND(F18*J18,2)),"")} -> 391332.42
K35: Jumlah Total (A) | L35: {=SUM(L1:L34)} -> 1.8015765e+08 | M35: {=SUM(M1:M34)} -> 1.8004015e+08 | N35: {=SUM(N1:N34)} -> 1.8004015e+08
B36: HIT BPJS | D36: {=ROUND(IF(L36<=100000000,L36*0.24%,IF(AND(L36>100000000,L36<=500000000),100000000*0.24%+(L36-100000000)*0.19%,IF(AND(L36>500000000,L36<=1000000000),100000000*0.24%+400000000*0.19%+(L36-500000000)*0.15%,IF(AND(L36>1000000000,L36<=5000000000),100000000*0.24%+400000000*0.19%+500000000*0.15%+(L36-1000000000)*0.12%,IF(L36>5000000000,100000000*0.24%+400000000*0.19%+500000000*0.15%+4000000000*0.12%+(L36-5000000000)*0.1%,"Bingung komputer"))))),2)} -> 391555.57 | E36: {=ROUND(IF(M36<=100000000,M36*0.24%,IF(AND(M36>100000000,M36<=500000000),100000000*0.24%+(M36-100000000)*0.19%,IF(AND(M36>500000000,M36<=1000000000),100000000*0.24%+400000000*0.19%+(M36-500000000)*0.15%,IF(AND(M36>1000000000,M36<=5000000000),100000000*0.24%+400000000*0.19%+500000000*0.15%+(M36-1000000000)*0.12%,IF(M36>5000000000,100000000*0.24%+400000000*0.19%+500000000*0.15%+4000000000*0.12%+(M36-5000000000)*0.1%,"Bingung komputer"))))),2)} -> 391332.75 | F36: {=ROUND(IF(N36<=100000000,N36*0.24%,IF(AND(N36>100000000,N36<=500000000),100000000*0.24%+(N36-100000000)*0.19%,IF(AND(N36>500000000,N36<=1000000000),100000000*0.24%+400000000*0.19%+(N36-500000000)*0.15%,IF(AND(N36>1000000000,N36<=5000000000),100000000*0.24%+400000000*0.19%+500000000*0.15%+(N36-1000000000)*0.12%,IF(N36>5000000000,100000000*0.24%+400000000*0.19%+500000000*0.15%+4000000000*0.12%+(N36-5000000000)*0.1%,"Bingung komputer"))))),2)} -> 391332.75 | K36: {="Jumlah Terkena Pajak "&MAX(K3:K34)&"% (B)"} -> Jumlah Terkena Pajak 11,00% (B) | L36: {=SUMIF($K3:$K34,">0",L3:L34)} -> 1.7976609e+08 | M36: {=SUMIF($K3:$K34,">0",M3:M34)} -> 1.7964882e+08 | N36: {=SUMIF($K3:$K34,">0",N3:N34)} -> 1.7964882e+08
K37: {="PPN (C) = "&MAX(K3:K34)&"% x B"} -> PPN (C) = 11,00% x B | L37: {=L36*MAX($K3:$K34)%} -> 19774270 | M37: {=M36*MAX($K3:$K34)%} -> 19761370 | N37: {=N36*MAX($K3:$K34)%} -> 19761370
K38: Jumlah Total (D) = (A) + ( C ) | L38: {=L35+L37} -> 1.9993192e+08 | M38: {=M35+M37} -> 1.9980152e+08 | N38: {=N35+N37} -> 1.9980152e+08
K39: Jumlah Total dibulatkan (E) | L39: {=ROUNDDOWN(L38,2)} -> 1.9993192e+08 | M39: {=ROUNDDOWN(M38,2)} -> 1.9980152e+08 | N39: {=ROUNDDOWN(N38,-3)} -> 199801000

Sheet 49978186
A1: No. | B1: Uraian Pekerjaan | D1: Kuantitas | G1: Satuan | H1: Harga Satuan | K1: PAJAK | L1: JUMLAH
D2: HPS | E2: Penawaran | F2: Negoisasi | H2: HPS | I2: Penawaran | J2: Negoisasi | L2: HPS | M2: Penawaran | N2: Negoisasi
B3: Biaya perencanaan teknis | L3: {=IF(D3>0,IF($D3<=0,0,D3*H3),"")} | M3: {=IF(E3>0,IF($D3<=0,0,ROUND(E3*I3,2)),"")} | N3: {=IF(F3>0,IF($D3<=0,0,ROUND(F3*J3,2)),"")}
A4: 1 | B4: tahap konsepsi perancangan sebesar 10% | D4: 1 | E4: {=D4} -> 1 | F4: {=D4} -> 1 | G4: LS | H4: {=ROUNDDOWN((F$30*0.1)*100/111,-2)} -> 2247300 | I4: 2230000 | J4: 2230000 | K4: 11 | L4: {=IF(D4>0,IF($D4<=0,0,D4*H4),"")} -> 2247300 | M4: {=IF(E4>0,IF($D4<=0,0,ROUND(E4*I4,2)),"")} -> 2230000 | N4: {=IF(F4>0,IF($D4<=0,0,ROUND(F4*J4,2)),"")} -> 2230000
A5: 2 | B5: tahap pra rancangan sebesar 20% | D5: 1 | E5: {=D5} -> 1 | F5: {=D5} -> 1 | G5: LS | H5: {=ROUNDDOWN((F$30*0.2)*100/111,-2)} -> 4494700 | I5: 4490000 | J5: 4490000 | K5: 11 | L5: {=IF(D5>0,IF($D5<=0,0,D5*H5),"")} -> 4494700 | M5: {=IF(E5>0,IF($D5<=0,0,ROUND(E5*I5,2)),"")} -> 4490000 | N5: {=IF(F5>0,IF($D5<=0,0,ROUND(F5*J5,2)),"")} -> 4490000
A6: 3 | B6: tahap pengembangan rancangan sebesar 25% | D6: 1 | E6: {=D6} -> 1 | F6: {=D6} -> 1 | G6: LS | H6: {=ROUNDDOWN((F$30*0.25)*100/111,-2)} -> 5618400 | I6: 5600000 | J6: 5600000 | K6: 11 | L6: {=IF(D6>0,IF($D6<=0,0,D6*H6),"")} -> 5618400 | M6: {=IF(E6>0,IF($D6<=0,0,ROUND(E6*I6,2)),"")} -> 5600000 | N6: {=IF(F6>0,IF($D6<=0,0,ROUND(F6*J6,2)),"")} -> 5600000
A7: 5 | B7: tahap rancangan detail meliputi penyusunan rancangan gambar detail dan penyusunan Rencana Kerja dan Syarat (RKS), serta Rencana Anggaran Biaya (RAB) sebesar 25% | D7: 1 | E7: {=D7} -> 1 | F7: {=D7} -> 1 | G7: LS | H7: {=ROUNDDOWN((F$30*0.25)*100/111,-2)} -> 5618400 | I7: 5600000 | J7: 5600000 | K7: 11 | L7: {=IF(D7>0,IF($D7<=0,0,D7*H7),"")} -> 5618400 | M7: {=IF(E7>0,IF($D7<=0,0,ROUND(E7*I7,2)),"")} -> 5600000 | N7: {=IF(F7>0,IF($D7<=0,0,ROUND(F7*J7,2)),"")} -> 5600000
A8: 6 | B8: tahap pelelangan penyedia jasa pelaksanaan konstruksi sebesar 5% | D8: 1 | E8: {=D8} -> 1 | F8: {=D8} -> 1 | G8: LS | H8: {=ROUNDDOWN((F$30*0.05)*100/111,-2)} -> 1123600 | I8: 1125000 | J8: 1125000 | K8: 11 | L8: {=IF(D8>0,IF($D8<=0,0,D8*H8),"")} -> 1123600 | M8: {=IF(E8>0,IF($D8<=0,0,ROUND(E8*I8,2)),"")} -> 1125000 | N8: {=IF(F8>0,IF($D8<=0,0,ROUND(F8*J8,2)),"")} -> 1125000
A9: 7 | B9: tahap pengawasan berkala sebesar 15% | D9: 1 | E9: {=D9} -> 1 | F9: {=D9} -> 1 | G9: LS | H9: {=ROUNDDOWN((F$30*0.15)*100/111,-2)} -> 3371000 | I9: 3350000 | J9: 3350000 | K9: 11 | L9: {=IF(D9>0,IF($D9<=0,0,D9*H9),"")} -> 3371000 | M9: {=IF(E9>0,IF($D9<=0,0,ROUND(E9*I9,2)),"")} -> 3350000 | N9: {=IF(F9>0,IF($D9<=0,0,ROUND(F9*J9,2)),"")} -> 3350000
A10: 8 | B10: JKK/JKM | D10: 1 | E10: {=D10} -> 1 | F10: {=D10} -> 1 | G10: LS | H10: 53936.16 | I10: 53748 | J10: 53748 | K10: 0 | L10: {=IF(D10>0,IF($D10<=0,0,D10*H10),"")} -> 53936.16 | M10: {=IF(E10>0,IF($D10<=0,0,ROUND(E10*I10,2)),"")} -> 53748 | N10: {=IF(F10>0,IF($D10<=0,0,ROUND(F10*J10,2)),"")} -> 53748
K27: Jumlah Total (A) | L27: {=SUM(L1:L26)} -> 22527336 | M27: {=SUM(M1:M26)} -> 22448748 | N27: {=SUM(N1:N26)} -> 22448748
A28: {=ROUND(IF(I28<=100000000,I28*0.24%,IF(AND(I28>100000000,I28<=500000000),100000000*0.24%+(I28-100000000)*0.19%,IF(AND(I28>500000000,I28<=1000000000),100000000*0.24%+400000000*0.19%+(I28-500000000)*0.15%,IF(AND(I28>1000000000,I28<=5000000000),100000000*0.24%+400000000*0.19%+500000000*0.15%+(I28-1000000000)*0.12%,IF(I28>5000000000,100000000*0.24%+400000000*0.19%+500000000*0.15%+4000000000*0.12%+(I28-5000000000)*0.1%,"Bingung komputer"))))),2)} -> 0 | B28: HIT BPJS | D28: {=ROUND(IF(L28<=100000000,L28*0.24%,IF(AND(L28>100000000,L28<=500000000),100000000*0.24%+(L28-100000000)*0.19%,IF(AND(L28>500000000,L28<=1000000000),100000000*0.24%+400000000*0.19%+(L28-500000000)*0.15%,IF(AND(L28>1000000000,L28<=5000000000),100000000*0.24%+400000000*0.19%+500000000*0.15%+(L28-1000000000)*0.12%,IF(L28>5000000000,100000000*0.24%+400000000*0.19%+500000000*0.15%+4000000000*0.12%+(L28-5000000000)*0.1%,"Bingung komputer"))))),2)} -> 53936.16 | E28: {=ROUND(IF(M28<=100000000,M28*0.24%,IF(AND(M28>100000000,M28<=500000000),100000000*0.24%+(M28-100000000)*0.19%,IF(AND(M28>500000000,M28<=1000000000),100000000*0.24%+400000000*0.19%+(M28-500000000)*0.15%,IF(AND(M28>1000000000,M28<=5000000000),100000000*0.24%+400000000*0.19%+500000000*0.15%+(M28-1000000000)*0.12%,IF(M28>5000000000,100000000*0.24%+400000000*0.19%+500000000*0.15%+4000000000*0.12%+(M28-5000000000)*0.1%,"Bingung komputer"))))),2)} -> 53748 | F28: {=ROUND(IF(N28<=100000000,N28*0.24%,IF(AND(N28>100000000,N28<=500000000),100000000*0.24%+(N28-100000000)*0.19%,IF(AND(N28>500000000,N28<=1000000000),100000000*0.24%+400000000*0.19%+(N28-500000000)*0.15%,IF(AND(N28>1000000000,N28<=5000000000),100000000*0.24%+400000000*0.19%+500000000*0.15%+(N28-1000000000)*0.12%,IF(N28>5000000000,100000000*0.24%+400000000*0.19%+500000000*0.15%+4000000000*0.12%+(N28-5000000000)*0.1%,"Bingung komputer"))))),2)} -> 53748 | K28: {="Jumlah Terkena Pajak "&MAX(K3:K26)&"% (B)"} -> Jumlah Terkena Pajak 11,00% (B) | L28: {=SUMIF($K3:$K26,">0",L3:L26)} -> 22473400 | M28: {=SUMIF($K3:$K26,">0",M3:M26)} -> 22395000 | N28: {=SUMIF($K3:$K26,">0",N3:N26)} -> 22395000
K29: {="PPN (C) = "&MAX(K3:K26)&"% x B"} -> PPN (C) = 11,00% x B | L29: {=L28*MAX($K3:$K26)%} -> 2472074 | M29: {=M28*MAX($K3:$K26)%} -> 2463450 | N29: {=N28*MAX($K3:$K26)%} -> 2463450
D30: PAGU | E30: 25000000 | F30: 24946000 | K30: Jumlah Total (D) = (A) + ( C ) | L30: {=L27+L29} -> 24999410 | M30: {=M27+M29} -> 24912198 | N30: {=N27+N29} -> 24912198
E31: {=E$30-L$31} -> 589.84 | F31: {=ROUNDDOWN(E$30-D$28,2)} -> 24946064 | K31: Jumlah Total dibulatkan (E) | L31: {=ROUNDDOWN(L30,2)} -> 24999410 | M31: {=ROUNDDOWN(M30,2)} -> 24912198 | N31: {=ROUNDDOWN(N30,-3)} -> 24912000

Sheet 49978825 _ 
A1: No. | B1: Uraian Pekerjaan | D1: Kuantitas | G1: Satuan | H1: Harga Satuan | K1: PAJAK | L1: JUMLAH
D2: HPS | E2: Penawaran | F2: Negoisasi | H2: HPS | I2: Penawaran | J2: Negoisasi | L2: HPS | M2: Penawaran | N2: Negoisasi
A3: A | B3: BIAYA LANGSUNG PERSONIL | L3: {=IF(D3>0,IF($D3<=0,0,D3*H3),"")} | M3: {=IF(E3>0,IF($D3<=0,0,ROUND(E3*I3,2)),"")} | N3: {=IF(F3>0,IF($D3<=0,0,ROUND(F3*J3,2)),"")}
A4: I | B4: PROFESIONAL STAFF/SUB PROFESIONAL STAFF | L4: {=IF(D4>0,IF($D4<=0,0,D4*H4),"")} | M4: {=IF(E4>0,IF($D4<=0,0,ROUND(E4*I4,2)),"")} | N4: {=IF(F4>0,IF($D4<=0,0,ROUND(F4*J4,2)),"")}
A5: 2 | B5: Team Leader Inspektur/pengawas Bangunan Gedung ( 1 0rang) | D5: 1.5 | E5: {=D5} -> 1.5 | F5: {=D5} -> 1.5 | G5: Orang/Bln | H5: 10000000 | I5: 10000000 | J5: 10000000 | K5: 11 | L5: {=IF(D5>0,IF($D5<=0,0,D5*H5),"")} -> 15000000 | M5: {=IF(E5>0,IF($D5<=0,0,ROUND(E5*I5,2)),"")} -> 15000000 | N5: {=IF(F5>0,IF($D5<=0,0,ROUND(F5*J5,2)),"")} -> 15000000
A6: B | B6: BIAYA LANGSUNG NON PERSONIL | L6: {=IF(D6>0,IF($D6<=0,0,D6*H6),"")} | M6: {=IF(E6>0,IF($D6<=0,0,ROUND(E6*I6,2)),"")} | N6: {=IF(F6>0,IF($D6<=0,0,ROUND(F6*J6,2)),"")}
A7: I | B7: KANTOR, AKOMODASI DAN PERALATAN | L7: {=IF(D7>0,IF($D7<=0,0,D7*H7),"")} | M7: {=IF(E7>0,IF($D7<=0,0,ROUND(E7*I7,2)),"")} | N7: {=IF(F7>0,IF($D7<=0,0,ROUND(F7*J7,2)),"")}
A8: 1 | B8: Sewa Printer A4 | D8: 1.5 | E8: {=D8} -> 1.5 | F8: {=D8} -> 1.5 | G8: unit-Bulan | H8: 200000 | I8: 230000 | J8: 200000 | K8: 11 | L8: {=IF(D8>0,IF($D8<=0,0,D8*H8),"")} -> 300000 | M8: {=IF(E8>0,IF($D8<=0,0,ROUND(E8*I8,2)),"")} -> 345000 | N8: {=IF(F8>0,IF($D8<=0,0,ROUND(F8*J8,2)),"")} -> 300000
A9: 2 | B9: ATK, Sewa Kendaraan, Tinta Printer, akomodasi, listrik & telepon/Internet | D9: 1.5 | E9: {=D9} -> 1.5 | F9: {=D9} -> 1.5 | G9: Bulan | H9: 5045000 | I9: 5000000 | J9: 5000000 | K9: 11 | L9: {=IF(D9>0,IF($D9<=0,0,D9*H9),"")} -> 7567500 | M9: {=IF(E9>0,IF($D9<=0,0,ROUND(E9*I9,2)),"")} -> 7500000 | N9: {=IF(F9>0,IF($D9<=0,0,ROUND(F9*J9,2)),"")} -> 7500000
B10: BIAYA SMK3 | L10: {=IF(D10>0,IF($D10<=0,0,D10*H10),"")} | M10: {=IF(E10>0,IF($D10<=0,0,ROUND(E10*I10,2)),"")} | N10: {=IF(F10>0,IF($D10<=0,0,ROUND(F10*J10,2)),"")}
A11: 3 | B11: Helem Proyek | D11: 1 | E11: {=D11} -> 1 | F11: {=D11} -> 1 | G11: buah | H11: 77000 | I11: 75000 | J11: 75000 | K11: 11 | L11: {=IF(D11>0,IF($D11<=0,0,D11*H11),"")} -> 77000 | M11: {=IF(E11>0,IF($D11<=0,0,ROUND(E11*I11,2)),"")} -> 75000 | N11: {=IF(F11>0,IF($D11<=0,0,ROUND(F11*J11,2)),"")} -> 75000
A12: 4 | B12: Sepatu Safety | D12: 1 | E12: {=D12} -> 1 | F12: {=D12} -> 1 | G12: buah | H12: 250000 | I12: 250000 | J12: 250000 | K12: 11 | L12: {=IF(D12>0,IF($D12<=0,0,D12*H12),"")} -> 250000 | M12: {=IF(E12>0,IF($D12<=0,0,ROUND(E12*I12,2)),"")} -> 250000 | N12: {=IF(F12>0,IF($D12<=0,0,ROUND(F12*J12,2)),"")} -> 250000
B13: BIAYA SEWA KENDARAAN/TRANSPORTASI | L13: {=IF(D13>0,IF($D13<=0,0,D13*H13),"")} | M13: {=IF(E13>0,IF($D13<=0,0,ROUND(E13*I13,2)),"")} | N13: {=IF(F13>0,IF($D13<=0,0,ROUND(F13*J13,2)),"")}
A14: 5 | B14: Laporan Pendahuluan | D14: 3 | E14: {=D14} -> 3 | F14: {=D14} -> 3 | G14: rangkap | H14: 200000 | I14: 200000 | J14: 200000 | K14: 11 | L14: {=IF(D14>0,IF($D14<=0,0,D14*H14),"")} -> 600000 | M14: {=IF(E14>0,IF($D14<=0,0,ROUND(E14*I14,2)),"")} -> 600000 | N14: {=IF(F14>0,IF($D14<=0,0,ROUND(F14*J14,2)),"")} -> 600000
A15: 6 | B15: Laporan Bulanan | D15: {=1.5*3} -> 4.5 | E15: {=D15} -> 4.5 | F15: {=D15} -> 4.5 | G15: rangkap | H15: 150000 | I15: 150000 | J15: 150000 | K15: 11 | L15: {=IF(D15>0,IF($D15<=0,0,D15*H15),"")} -> 675000 | M15: {=IF(E15>0,IF($D15<=0,0,ROUND(E15*I15,2)),"")} -> 675000 | N15: {=IF(F15>0,IF($D15<=0,0,ROUND(F15*J15,2)),"")} -> 675000
A16: 7 | B16: Laporan Akhir | D16: 3 | E16: {=D16} -> 3 | F16: {=D16} -> 3 | G16: rangkap | H16: 200000 | I16: 200000 | J16: 200000 | K16: 11 | L16: {=IF(D16>0,IF($D16<=0,0,D16*H16),"")} -> 600000 | M16: {=IF(E16>0,IF($D16<=0,0,ROUND(E16*I16,2)),"")} -> 600000 | N16: {=IF(F16>0,IF($D16<=0,0,ROUND(F16*J16,2)),"")} -> 600000
A17: 8 | B17: Flash Disk | D17: 1 | E17: {=D17} -> 1 | F17: {=D17} -> 1 | G17: Buah | H17: 100000 | I17: 100000 | J17: 100000 | K17: 11 | L17: {=IF(D17>0,IF($D17<=0,0,D17*H17),"")} -> 100000 | M17: {=IF(E17>0,IF($D17<=0,0,ROUND(E17*I17,2)),"")} -> 100000 | N17: {=IF(F17>0,IF($D17<=0,0,ROUND(F17*J17,2)),"")} -> 100000
A18: V | B18: BPJS | L18: {=IF(D18>0,IF($D18<=0,0,D18*H18),"")} | M18: {=IF(E18>0,IF($D18<=0,0,ROUND(E18*I18,2)),"")} | N18: {=IF(F18>0,IF($D18<=0,0,ROUND(F18*J18,2)),"")}
B19: NKKK = 100.000.000,- | D19: 1 | E19: {=D19} -> 1 | F19: {=D19} -> 1 | G19: LS | H19: 60406.8 | I19: 70000 | J19: 60240 | K19: 0 | L19: {=IF(D19>0,IF($D19<=0,0,D19*H19),"")} -> 60406.8 | M19: {=IF(E19>0,IF($D19<=0,0,ROUND(E19*I19,2)),"")} -> 70000 | N19: {=IF(F19>0,IF($D19<=0,0,ROUND(F19*J19,2)),"")} -> 60240
L20: {=IF(D20>0,IF($D20<=0,0,D20*H20),"")} | M20: {=IF(E20>0,IF($D20<=0,0,ROUND(E20*I20,2)),"")} | N20: {=IF(F20>0,IF($D20<=0,0,ROUND(F20*J20,2)),"")}
K21: Jumlah Total (A) | L21: {=SUM(L1:L20)} -> 25229907 | M21: {=SUM(M1:M20)} -> 25215000 | N21: {=SUM(N1:N20)} -> 25160240
B22: HIT BPJS | D22: {=ROUND(IF(L22<=100000000,L22*0.24%,IF(AND(L22>100000000,L22<=500000000),100000000*0.24%+(L22-100000000)*0.19%,IF(AND(L22>500000000,L22<=1000000000),100000000*0.24%+400000000*0.19%+(L22-500000000)*0.15%,IF(AND(L22>1000000000,L22<=5000000000),100000000*0.24%+400000000*0.19%+500000000*0.15%+(L22-1000000000)*0.12%,IF(L22>5000000000,100000000*0.24%+400000000*0.19%+500000000*0.15%+4000000000*0.12%+(L22-5000000000)*0.1%,"Bingung komputer"))))),2)} -> 60406.8 | E22: {=ROUND(IF(M22<=100000000,M22*0.24%,IF(AND(M22>100000000,M22<=500000000),100000000*0.24%+(M22-100000000)*0.19%,IF(AND(M22>500000000,M22<=1000000000),100000000*0.24%+400000000*0.19%+(M22-500000000)*0.15%,IF(AND(M22>1000000000,M22<=5000000000),100000000*0.24%+400000000*0.19%+500000000*0.15%+(M22-1000000000)*0.12%,IF(M22>5000000000,100000000*0.24%+400000000*0.19%+500000000*0.15%+4000000000*0.12%+(M22-5000000000)*0.1%,"Bingung komputer"))))),2)} -> 60348 | F22: {=ROUND(IF(N22<=100000000,N22*0.24%,IF(AND(N22>100000000,N22<=500000000),100000000*0.24%+(N22-100000000)*0.19%,IF(AND(N22>500000000,N22<=1000000000),100000000*0.24%+400000000*0.19%+(N22-500000000)*0.15%,IF(AND(N22>1000000000,N22<=5000000000),100000000*0.24%+400000000*0.19%+500000000*0.15%+(N22-1000000000)*0.12%,IF(N22>5000000000,100000000*0.24%+400000000*0.19%+500000000*0.15%+4000000000*0.12%+(N22-5000000000)*0.1%,"Bingung komputer"))))),2)} -> 60240 | K22: {="Jumlah Terkena Pajak "&MAX(K3:K20)&"% (B)"} -> Jumlah Terkena Pajak 11,00% (B) | L22: {=SUMIF($K3:$K20,">0",L3:L20)} -> 25169500 | M22: {=SUMIF($K3:$K20,">0",M3:M20)} -> 25145000 | N22: {=SUMIF($K3:$K20,">0",N3:N20)} -> 25100000
F23: 28000000 | K23: {="PPN (C) = "&MAX(K3:K20)&"% x B"} -> PPN (C) = 11,00% x B | L23: {=L22*MAX($K3:$K20)%} -> 2768645 | M23: {=M22*MAX($K3:$K20)%} -> 2765950 | N23: {=N22*MAX($K3:$K20)%} -> 2761000
K24: Jumlah Total (D) = (A) + ( C ) | L24: {=L21+L23} -> 27998552 | M24: {=M21+M23} -> 27980950 | N24: {=N21+N23} -> 27921240
K25: Jumlah Total dibulatkan (E) | L25: {=ROUNDDOWN(L24,2)} -> 27998552 | M25: {=ROUNDDOWN(M24,2)} -> 27980950 | N25: {=ROUNDDOWN(N24,-3)} -> 27921000

Sheet 49976430
A1: No. | B1: Uraian Pekerjaan | D1: Kuantitas | G1: Satuan | H1: Harga Satuan | K1: PAJAK | L1: JUMLAH
D2: HPS | E2: Penawaran | F2: Negoisasi | H2: HPS | I2: Penawaran | J2: Negoisasi | L2: HPS | M2: Penawaran | N2: Negoisasi
A3: A | B3: BIAYA LANGSUNG PERSONIL | L3: {=IF(D3>0,IF($D3<=0,0,D3*H3),"")} | M3: {=IF(E3>0,IF($D3<=0,0,ROUND(E3*I3,2)),"")} | N3: {=IF(F3>0,IF($D3<=0,0,ROUND(F3*J3,2)),"")}
A4: I | B4: PROFESIONAL STAFF/SUB PROFESIONAL STAFF | L4: {=IF(D4>0,IF($D4<=0,0,D4*H4),"")} | M4: {=IF(E4>0,IF($D4<=0,0,ROUND(E4*I4,2)),"")} | N4: {=IF(F4>0,IF($D4<=0,0,ROUND(F4*J4,2)),"")}
A5: 1 | B5: Team Leader/Inspektur/pengawas (Setara Pelaksana Bangunan Gedung) | D5: 3 | E5: {=D5} -> 3 | F5: {=D5} -> 3 | G5: Orang/Bln | H5: 5500000 | I5: 5500000 | J5: 5500000 | K5: 11 | L5: {=IF(D5>0,IF($D5<=0,0,D5*H5),"")} -> 16500000 | M5: {=IF(E5>0,IF($D5<=0,0,ROUND(E5*I5,2)),"")} -> 16500000 | N5: {=IF(F5>0,IF($D5<=0,0,ROUND(F5*J5,2)),"")} -> 16500000 | O5: {=L5/L$22} -> 0.61039399
A6: B | B6: BIAYA LANGSUNG NON PERSONIL | L6: {=IF(D6>0,IF($D6<=0,0,D6*H6),"")} | M6: {=IF(E6>0,IF($D6<=0,0,ROUND(E6*I6,2)),"")} | N6: {=IF(F6>0,IF($D6<=0,0,ROUND(F6*J6,2)),"")}
A7: I | B7: KANTOR, AKOMODASI DAN PERALATAN | L7: {=IF(D7>0,IF($D7<=0,0,D7*H7),"")} | M7: {=IF(E7>0,IF($D7<=0,0,ROUND(E7*I7,2)),"")} | N7: {=IF(F7>0,IF($D7<=0,0,ROUND(F7*J7,2)),"")}
A8: 1 | B8: Sewa Komputer/Laptop dan Printer | D8: 1 | E8: {=D8} -> 1 | F8: {=D8} -> 1 | G8: LS | H8: 890000 | I8: 850000 | J8: 850000 | K8: 11 | L8: {=IF(D8>0,IF($D8<=0,0,D8*H8),"")} -> 890000 | M8: {=IF(E8>0,IF($D8<=0,0,ROUND(E8*I8,2)),"")} -> 850000 | N8: {=IF(F8>0,IF($D8<=0,0,ROUND(F8*J8,2)),"")} -> 850000
A9: 2 | B9: ATK, Tinta Printer, akomodasi, listrik & telepon/Internet | D9: 1 | E9: {=D9} -> 1 | F9: {=D9} -> 1 | G9: LS | H9: 3000000 | I9: 3000000 | J9: 3000000 | K9: 11 | L9: {=IF(D9>0,IF($D9<=0,0,D9*H9),"")} -> 3000000 | M9: {=IF(E9>0,IF($D9<=0,0,ROUND(E9*I9,2)),"")} -> 3000000 | N9: {=IF(F9>0,IF($D9<=0,0,ROUND(F9*J9,2)),"")} -> 3000000
B10: BIAYA SMK3 | L10: {=IF(D10>0,IF($D10<=0,0,D10*H10),"")} | M10: {=IF(E10>0,IF($D10<=0,0,ROUND(E10*I10,2)),"")} | N10: {=IF(F10>0,IF($D10<=0,0,ROUND(F10*J10,2)),"")}
A11: 1 | B11: Helem Proyek | D11: 1 | E11: {=D11} -> 1 | F11: {=D11} -> 1 | G11: buah | H11: 77000 | I11: 70000 | J11: 70000 | K11: 11 | L11: {=IF(D11>0,IF($D11<=0,0,D11*H11),"")} -> 77000 | M11: {=IF(E11>0,IF($D11<=0,0,ROUND(E11*I11,2)),"")} -> 70000 | N11: {=IF(F11>0,IF($D11<=0,0,ROUND(F11*J11,2)),"")} -> 70000
A12: 2 | B12: Sepatu Safety | D12: 1 | E12: {=D12} -> 1 | F12: {=D12} -> 1 | G12: buah | H12: 150000 | I12: 145000 | J12: 145000 | K12: 11 | L12: {=IF(D12>0,IF($D12<=0,0,D12*H12),"")} -> 150000 | M12: {=IF(E12>0,IF($D12<=0,0,ROUND(E12*I12,2)),"")} -> 145000 | N12: {=IF(F12>0,IF($D12<=0,0,ROUND(F12*J12,2)),"")} -> 145000
B13: BIAYA SEWA KENDARAAN/TRANSPORTASI | L13: {=IF(D13>0,IF($D13<=0,0,D13*H13),"")} | M13: {=IF(E13>0,IF($D13<=0,0,ROUND(E13*I13,2)),"")} | N13: {=IF(F13>0,IF($D13<=0,0,ROUND(F13*J13,2)),"")}
A14: 1 | B14: Sewa & Ops. Kendaraan (1 unit) | D14: 1 | E14: {=D14} -> 1 | F14: {=D14} -> 1 | G14: LS | H14: 2000000 | I14: 2000000 | J14: 2000000 | K14: 11 | L14: {=IF(D14>0,IF($D14<=0,0,D14*H14),"")} -> 2000000 | M14: {=IF(E14>0,IF($D14<=0,0,ROUND(E14*I14,2)),"")} -> 2000000 | N14: {=IF(F14>0,IF($D14<=0,0,ROUND(F14*J14,2)),"")} -> 2000000
A15: 2 | B15: Laporan Pendahuluan | D15: 3 | E15: {=D15} -> 3 | F15: {=D15} -> 3 | G15: rangkap | H15: 200000 | I15: 200000 | J15: 200000 | K15: 11 | L15: {=IF(D15>0,IF($D15<=0,0,D15*H15),"")} -> 600000 | M15: {=IF(E15>0,IF($D15<=0,0,ROUND(E15*I15,2)),"")} -> 600000 | N15: {=IF(F15>0,IF($D15<=0,0,ROUND(F15*J15,2)),"")} -> 600000
A16: 3 | B16: Laporan Bulanan | D16: {=3*D5} -> 9 | E16: {=D16} -> 9 | F16: {=D16} -> 9 | G16: rangkap | H16: 150000 | I16: 150000 | J16: 150000 | K16: 11 | L16: {=IF(D16>0,IF($D16<=0,0,D16*H16),"")} -> 1350000 | M16: {=IF(E16>0,IF($D16<=0,0,ROUND(E16*I16,2)),"")} -> 1350000 | N16: {=IF(F16>0,IF($D16<=0,0,ROUND(F16*J16,2)),"")} -> 1350000
A17: 4 | B17: Laporan Akhir | D17: 3 | E17: {=D17} -> 3 | F17: {=D17} -> 3 | G17: rangkap | H17: 200000 | I17: 200000 | J17: 200000 | K17: 11 | L17: {=IF(D17>0,IF($D17<=0,0,D17*H17),"")} -> 600000 | M17: {=IF(E17>0,IF($D17<=0,0,ROUND(E17*I17,2)),"")} -> 600000 | N17: {=IF(F17>0,IF($D17<=0,0,ROUND(F17*J17,2)),"")} -> 600000
A18: 5 | B18: SSD External 1 TB | D18: 1 | E18: {=D18} -> 1 | F18: {=D18} -> 1 | G18: Buah | H18: 1800000 | I18: 1800000 | J18: 1800000 | K18: 11 | L18: {=IF(D18>0,IF($D18<=0,0,D18*H18),"")} -> 1800000 | M18: {=IF(E18>0,IF($D18<=0,0,ROUND(E18*I18,2)),"")} -> 1800000 | N18: {=IF(F18>0,IF($D18<=0,0,ROUND(F18*J18,2)),"")} -> 1800000
A19: V | B19: BPJS | L19: {=IF(D19>0,IF($D19<=0,0,D19*H19),"")} | M19: {=IF(E19>0,IF($D19<=0,0,ROUND(E19*I19,2)),"")} | N19: {=IF(F19>0,IF($D19<=0,0,ROUND(F19*J19,2)),"")}
B20: NKKK = 100.000.000,- | D20: 1 | E20: {=D20} -> 1 | F20: {=D20} -> 1 | G20: LS | H20: 64720.8 | I20: 64596 | J20: 64596 | K20: 0 | L20: {=IF(D20>0,IF($D20<=0,0,D20*H20),"")} -> 64720.8 | M20: {=IF(E20>0,IF($D20<=0,0,ROUND(E20*I20,2)),"")} -> 64596 | N20: {=IF(F20>0,IF($D20<=0,0,ROUND(F20*J20,2)),"")} -> 64596
L21: {=IF(D21>0,IF($D21<=0,0,D21*H21),"")} | M21: {=IF(E21>0,IF($D21<=0,0,ROUND(E21*I21,2)),"")} | N21: {=IF(F21>0,IF($D21<=0,0,ROUND(F21*J21,2)),"")}
K22: Jumlah Total (A) | L22: {=SUM(L3:L21)} -> 27031721 | M22: {=SUM(M1:M21)} -> 26979596 | N22: {=SUM(N1:N21)} -> 26979596
B23: HIT BPJS | D23: {=ROUND(IF(L23<=100000000,L23*0.24%,IF(AND(L23>100000000,L23<=500000000),100000000*0.24%+(L23-100000000)*0.19%,IF(AND(L23>500000000,L23<=1000000000),100000000*0.24%+400000000*0.19%+(L23-500000000)*0.15%,IF(AND(L23>1000000000,L23<=5000000000),100000000*0.24%+400000000*0.19%+500000000*0.15%+(L23-1000000000)*0.12%,IF(L23>5000000000,100000000*0.24%+400000000*0.19%+500000000*0.15%+4000000000*0.12%+(L23-5000000000)*0.1%,"Bingung komputer"))))),2)} -> 64720.8 | E23: {=ROUND(IF(M23<=100000000,M23*0.24%,IF(AND(M23>100000000,M23<=500000000),100000000*0.24%+(M23-100000000)*0.19%,IF(AND(M23>500000000,M23<=1000000000),100000000*0.24%+400000000*0.19%+(M23-500000000)*0.15%,IF(AND(M23>1000000000,M23<=5000000000),100000000*0.24%+400000000*0.19%+500000000*0.15%+(M23-1000000000)*0.12%,IF(M23>5000000000,100000000*0.24%+400000000*0.19%+500000000*0.15%+4000000000*0.12%+(M23-5000000000)*0.1%,"Bingung komputer"))))),2)} -> 64596 | F23: {=ROUND(IF(N23<=100000000,N23*0.24%,IF(AND(N23>100000000,N23<=500000000),100000000*0.24%+(N23-100000000)*0.19%,IF(AND(N23>500000000,N23<=1000000000),100000000*0.24%+400000000*0.19%+(N23-500000000)*0.15%,IF(AND(N23>1000000000,N23<=5000000000),100000000*0.24%+400000000*0.19%+500000000*0.15%+(N23-1000000000)*0.12%,IF(N23>5000000000,100000000*0.24%+400000000*0.19%+500000000*0.15%+4000000000*0.12%+(N23-5000000000)*0.1%,"Bingung komputer"))))),2)} -> 64596 | K23: {="Jumlah Terkena Pajak "&MAX(K3:K21)&"% (B)"} -> Jumlah Terkena Pajak 11,00% (B) | L23: {=SUMIF($K3:$K21,">0",L3:L21)} -> 26967000 | M23: {=SUMIF($K3:$K21,">0",M3:M21)} -> 26915000 | N23: {=SUMIF($K3:$K21,">0",N3:N21)} -> 26915000
K24: {="PPN (C) = "&MAX(K3:K21)&"% x B"} -> PPN (C) = 11,00% x B | L24: {=L23*MAX($K3:$K21)%} -> 2966370 | M24: {=M23*MAX($K3:$K21)%} -> 2960650 | N24: {=N23*MAX($K3:$K21)%} -> 2960650
K25: Jumlah Total (D) = (A) + ( C ) | L25: {=L22+L24} -> 29998091 | M25: {=M22+M24} -> 29940246 | N25: {=N22+N24} -> 29940246
K26: Jumlah Total dibulatkan (E) | L26: {=ROUNDDOWN(L25,2)} -> 29998091 | M26: {=ROUNDDOWN(M25,2)} -> 29940246 | N26: {=ROUNDDOWN(N25,-3)} -> 29940000

Sheet 49976716
A1: No. | B1: Uraian Pekerjaan | D1: Kuantitas | G1: Satuan | H1: Harga Satuan | K1: PAJAK | L1: JUMLAH
D2: HPS | E2: Penawaran | F2: Negoisasi | H2: HPS | I2: Penawaran | J2: Negoisasi | L2: HPS | M2: Penawaran | N2: Negoisasi
A3: A | B3: BIAYA LANGSUNG PERSONIL | L3: {=IF(D3>0,IF($D3<=0,0,D3*H3),"")} | M3: {=IF(E3>0,IF($D3<=0,0,ROUND(E3*I3,2)),"")} | N3: {=IF(F3>0,IF($D3<=0,0,ROUND(F3*J3,2)),"")}
A4: I | B4: PROFESIONAL STAFF/SUB PROFESIONAL STAFF | L4: {=IF(D4>0,IF($D4<=0,0,D4*H4),"")} | M4: {=IF(E4>0,IF($D4<=0,0,ROUND(E4*I4,2)),"")} | N4: {=IF(F4>0,IF($D4<=0,0,ROUND(F4*J4,2)),"")}
A5: 1 | B5: Team Leader/Inspektur/pengawas (Setara Pelaksana Bangunan Gedung) | D5: 3 | E5: {=D5} -> 3 | F5: {=D5} -> 3 | G5: Orang/Bln | H5: 7600000 | I5: 7550000 | J5: 7550000 | K5: 11 | L5: {=IF(D5>0,IF($D5<=0,0,D5*H5),"")} -> 22800000 | M5: {=IF(E5>0,IF($D5<=0,0,ROUND(E5*I5,2)),"")} -> 22650000 | N5: {=IF(F5>0,IF($D5<=0,0,ROUND(F5*J5,2)),"")} -> 22650000 | O5: {=L5/L$22} -> 0.63257255
A6: B | B6: BIAYA LANGSUNG NON PERSONIL | L6: {=IF(D6>0,IF($D6<=0,0,D6*H6),"")} | M6: {=IF(E6>0,IF($D6<=0,0,ROUND(E6*I6,2)),"")} | N6: {=IF(F6>0,IF($D6<=0,0,ROUND(F6*J6,2)),"")}
A7: I | B7: KANTOR, AKOMODASI DAN PERALATAN | L7: {=IF(D7>0,IF($D7<=0,0,D7*H7),"")} | M7: {=IF(E7>0,IF($D7<=0,0,ROUND(E7*I7,2)),"")} | N7: {=IF(F7>0,IF($D7<=0,0,ROUND(F7*J7,2)),"")}
A8: 1 | B8: Sewa Komputer/Laptop dan Printer | D8: 1 | E8: {=D8} -> 1 | F8: {=D8} -> 1 | G8: LS | H8: 1000000 | I8: 1100000 | J8: 1000000 | K8: 11 | L8: {=IF(D8>0,IF($D8<=0,0,D8*H8),"")} -> 1000000 | M8: {=IF(E8>0,IF($D8<=0,0,ROUND(E8*I8,2)),"")} -> 1100000 | N8: {=IF(F8>0,IF($D8<=0,0,ROUND(F8*J8,2)),"")} -> 1000000
A9: 2 | B9: ATK, Tinta Printer, akomodasi, listrik & telepon/Internet | D9: 1 | E9: {=D9} -> 1 | F9: {=D9} -> 1 | G9: LS | H9: 5530000 | I9: 5500000 | J9: 5500000 | K9: 11 | L9: {=IF(D9>0,IF($D9<=0,0,D9*H9),"")} -> 5530000 | M9: {=IF(E9>0,IF($D9<=0,0,ROUND(E9*I9,2)),"")} -> 5500000 | N9: {=IF(F9>0,IF($D9<=0,0,ROUND(F9*J9,2)),"")} -> 5500000
B10: BIAYA SMK3 | L10: {=IF(D10>0,IF($D10<=0,0,D10*H10),"")} | M10: {=IF(E10>0,IF($D10<=0,0,ROUND(E10*I10,2)),"")} | N10: {=IF(F10>0,IF($D10<=0,0,ROUND(F10*J10,2)),"")}
A11: 1 | B11: Helem Proyek | D11: 1 | E11: {=D11} -> 1 | F11: {=D11} -> 1 | G11: buah | H11: 77000 | I11: 75000 | J11: 75000 | K11: 11 | L11: {=IF(D11>0,IF($D11<=0,0,D11*H11),"")} -> 77000 | M11: {=IF(E11>0,IF($D11<=0,0,ROUND(E11*I11,2)),"")} -> 75000 | N11: {=IF(F11>0,IF($D11<=0,0,ROUND(F11*J11,2)),"")} -> 75000
A12: 2 | B12: Sepatu Safety | D12: 1 | E12: {=D12} -> 1 | F12: {=D12} -> 1 | G12: buah | H12: 200000 | I12: 200000 | J12: 200000 | K12: 11 | L12: {=IF(D12>0,IF($D12<=0,0,D12*H12),"")} -> 200000 | M12: {=IF(E12>0,IF($D12<=0,0,ROUND(E12*I12,2)),"")} -> 200000 | N12: {=IF(F12>0,IF($D12<=0,0,ROUND(F12*J12,2)),"")} -> 200000
B13: BIAYA SEWA KENDARAAN/TRANSPORTASI | L13: {=IF(D13>0,IF($D13<=0,0,D13*H13),"")} | M13: {=IF(E13>0,IF($D13<=0,0,ROUND(E13*I13,2)),"")} | N13: {=IF(F13>0,IF($D13<=0,0,ROUND(F13*J13,2)),"")}
A14: 1 | B14: Sewa & Ops. Kendaraan (1 unit) | D14: 1 | E14: {=D14} -> 1 | F14: {=D14} -> 1 | G14: LS | H14: 2000000 | I14: 2000000 | J14: 2000000 | K14: 11 | L14: {=IF(D14>0,IF($D14<=0,0,D14*H14),"")} -> 2000000 | M14: {=IF(E14>0,IF($D14<=0,0,ROUND(E14*I14,2)),"")} -> 2000000 | N14: {=IF(F14>0,IF($D14<=0,0,ROUND(F14*J14,2)),"")} -> 2000000
A15: 2 | B15: Laporan Pendahuluan | D15: 3 | E15: {=D15} -> 3 | F15: {=D15} -> 3 | G15: rangkap | H15: 200000 | I15: 200000 | J15: 200000 | K15: 11 | L15: {=IF(D15>0,IF($D15<=0,0,D15*H15),"")} -> 600000 | M15: {=IF(E15>0,IF($D15<=0,0,ROUND(E15*I15,2)),"")} -> 600000 | N15: {=IF(F15>0,IF($D15<=0,0,ROUND(F15*J15,2)),"")} -> 600000
A16: 3 | B16: Laporan Bulanan | D16: {=3*D5} -> 9 | E16: {=D16} -> 9 | F16: {=D16} -> 9 | G16: rangkap | H16: 150000 | I16: 150000 | J16: 150000 | K16: 11 | L16: {=IF(D16>0,IF($D16<=0,0,D16*H16),"")} -> 1350000 | M16: {=IF(E16>0,IF($D16<=0,0,ROUND(E16*I16,2)),"")} -> 1350000 | N16: {=IF(F16>0,IF($D16<=0,0,ROUND(F16*J16,2)),"")} -> 1350000
A17: 4 | B17: Laporan Akhir | D17: 3 | E17: {=D17} -> 3 | F17: {=D17} -> 3 | G17: rangkap | H17: 200000 | I17: 200000 | J17: 200000 | K17: 11 | L17: {=IF(D17>0,IF($D17<=0,0,D17*H17),"")} -> 600000 | M17: {=IF(E17>0,IF($D17<=0,0,ROUND(E17*I17,2)),"")} -> 600000 | N17: {=IF(F17>0,IF($D17<=0,0,ROUND(F17*J17,2)),"")} -> 600000
A18: 5 | B18: SSD External 1 TB | D18: 1 | E18: {=D18} -> 1 | F18: {=D18} -> 1 | G18: Buah | H18: 1800000 | I18: 1800000 | J18: 1800000 | K18: 11 | L18: {=IF(D18>0,IF($D18<=0,0,D18*H18),"")} -> 1800000 | M18: {=IF(E18>0,IF($D18<=0,0,ROUND(E18*I18,2)),"")} -> 1800000 | N18: {=IF(F18>0,IF($D18<=0,0,ROUND(F18*J18,2)),"")} -> 1800000
A19: V | B19: BPJS | L19: {=IF(D19>0,IF($D19<=0,0,D19*H19),"")} | M19: {=IF(E19>0,IF($D19<=0,0,ROUND(E19*I19,2)),"")} | N19: {=IF(F19>0,IF($D19<=0,0,ROUND(F19*J19,2)),"")}
B20: NKKK = 100.000.000,- | D20: 1 | E20: {=D20} -> 1 | F20: {=D20} -> 1 | G20: LS | H20: 86296.8 | I20: 86100 | J20: 86100 | K20: 0 | L20: {=IF(D20>0,IF($D20<=0,0,D20*H20),"")} -> 86296.8 | M20: {=IF(E20>0,IF($D20<=0,0,ROUND(E20*I20,2)),"")} -> 86100 | N20: {=IF(F20>0,IF($D20<=0,0,ROUND(F20*J20,2)),"")} -> 86100
L21: {=IF(D21>0,IF($D21<=0,0,D21*H21),"")} | M21: {=IF(E21>0,IF($D21<=0,0,ROUND(E21*I21,2)),"")} | N21: {=IF(F21>0,IF($D21<=0,0,ROUND(F21*J21,2)),"")}
K22: Jumlah Total (A) | L22: {=SUM(L3:L21)} -> 36043297 | M22: {=SUM(M1:M21)} -> 35961100 | N22: {=SUM(N1:N21)} -> 35861100
B23: HIT BPJS | D23: {=ROUND(IF(L23<=100000000,L23*0.24%,IF(AND(L23>100000000,L23<=500000000),100000000*0.24%+(L23-100000000)*0.19%,IF(AND(L23>500000000,L23<=1000000000),100000000*0.24%+400000000*0.19%+(L23-500000000)*0.15%,IF(AND(L23>1000000000,L23<=5000000000),100000000*0.24%+400000000*0.19%+500000000*0.15%+(L23-1000000000)*0.12%,IF(L23>5000000000,100000000*0.24%+400000000*0.19%+500000000*0.15%+4000000000*0.12%+(L23-5000000000)*0.1%,"Bingung komputer"))))),2)} -> 86296.8 | E23: {=ROUND(IF(M23<=100000000,M23*0.24%,IF(AND(M23>100000000,M23<=500000000),100000000*0.24%+(M23-100000000)*0.19%,IF(AND(M23>500000000,M23<=1000000000),100000000*0.24%+400000000*0.19%+(M23-500000000)*0.15%,IF(AND(M23>1000000000,M23<=5000000000),100000000*0.24%+400000000*0.19%+500000000*0.15%+(M23-1000000000)*0.12%,IF(M23>5000000000,100000000*0.24%+400000000*0.19%+500000000*0.15%+4000000000*0.12%+(M23-5000000000)*0.1%,"Bingung komputer"))))),2)} -> 86100 | F23: {=ROUND(IF(N23<=100000000,N23*0.24%,IF(AND(N23>100000000,N23<=500000000),100000000*0.24%+(N23-100000000)*0.19%,IF(AND(N23>500000000,N23<=1000000000),100000000*0.24%+400000000*0.19%+(N23-500000000)*0.15%,IF(AND(N23>1000000000,N23<=5000000000),100000000*0.24%+400000000*0.19%+500000000*0.15%+(N23-1000000000)*0.12%,IF(N23>5000000000,100000000*0.24%+400000000*0.19%+500000000*0.15%+4000000000*0.12%+(N23-5000000000)*0.1%,"Bingung komputer"))))),2)} -> 85860 | K23: {="Jumlah Terkena Pajak "&MAX(K3:K21)&"% (B)"} -> Jumlah Terkena Pajak 11,00% (B) | L23: {=SUMIF($K3:$K21,">0",L3:L21)} -> 35957000 | M23: {=SUMIF($K3:$K21,">0",M3:M21)} -> 35875000 | N23: {=SUMIF($K3:$K21,">0",N3:N21)} -> 35775000
K24: {="PPN (C) = "&MAX(K3:K21)&"% x B"} -> PPN (C) = 11,00% x B | L24: {=L23*MAX($K3:$K21)%} -> 3955270 | M24: {=M23*MAX($K3:$K21)%} -> 3946250 | N24: {=N23*MAX($K3:$K21)%} -> 3935250
K25: Jumlah Total (D) = (A) + ( C ) | L25: {=L22+L24} -> 39998567 | M25: {=M22+M24} -> 39907350 | N25: {=N22+N24} -> 39796350
K26: Jumlah Total dibulatkan (E) | L26: {=ROUNDDOWN(L25,2)} -> 39998567 | M26: {=ROUNDDOWN(M25,2)} -> 39907350 | N26: {=ROUNDDOWN(N25,-3)} -> 39796000

Sheet 49975362
A1: No. | B1: Uraian Pekerjaan | D1: Kuantitas | G1: Satuan | H1: Harga Satuan | K1: PAJAK | L1: JUMLAH
D2: HPS | E2: Penawaran | F2: Negoisasi | H2: HPS | I2: Penawaran | J2: Negoisasi | L2: HPS | M2: Penawaran | N2: Negoisasi
A3: A | B3: BIAYA LANGSUNG PERSONIL | L3: {=IF(D3>0,IF($D3<=0,0,D3*H3),"")} | M3: {=IF(E3>0,IF($D3<=0,0,ROUND(E3*I3,2)),"")} | N3: {=IF(F3>0,IF($D3<=0,0,ROUND(F3*J3,2)),"")}
A4: I | B4: PROFESIONAL STAFF/SUB PROFESIONAL STAFF | L4: {=IF(D4>0,IF($D4<=0,0,D4*H4),"")} | M4: {=IF(E4>0,IF($D4<=0,0,ROUND(E4*I4,2)),"")} | N4: {=IF(F4>0,IF($D4<=0,0,ROUND(F4*J4,2)),"")}
A5: 1 | B5: Team Leader/Inspektur/pengawas (Setara Pelaksana Bangunan Gedung) | D5: 3 | E5: {=D5} -> 3 | F5: {=D5} -> 3 | G5: Orang/Bln | H5: 7600000 | I5: 7550000 | J5: 7550000 | K5: 11 | L5: {=IF(D5>0,IF($D5<=0,0,D5*H5),"")} -> 22800000 | M5: {=IF(E5>0,IF($D5<=0,0,ROUND(E5*I5,2)),"")} -> 22650000 | N5: {=IF(F5>0,IF($D5<=0,0,ROUND(F5*J5,2)),"")} -> 22650000 | O5: {=L5/L$22} -> 0.63257255
A6: B | B6: BIAYA LANGSUNG NON PERSONIL | L6: {=IF(D6>0,IF($D6<=0,0,D6*H6),"")} | M6: {=IF(E6>0,IF($D6<=0,0,ROUND(E6*I6,2)),"")} | N6: {=IF(F6>0,IF($D6<=0,0,ROUND(F6*J6,2)),"")}
A7: I | B7: KANTOR, AKOMODASI DAN PERALATAN | L7: {=IF(D7>0,IF($D7<=0,0,D7*H7),"")} | M7: {=IF(E7>0,IF($D7<=0,0,ROUND(E7*I7,2)),"")} | N7: {=IF(F7>0,IF($D7<=0,0,ROUND(F7*J7,2)),"")}
A8: 1 | B8: Sewa Komputer/Laptop dan Printer | D8: 1 | E8: {=D8} -> 1 | F8: {=D8} -> 1 | G8: LS | H8: 1000000 | I8: 1100000 | J8: 1000000 | K8: 11 | L8: {=IF(D8>0,IF($D8<=0,0,D8*H8),"")} -> 1000000 | M8: {=IF(E8>0,IF($D8<=0,0,ROUND(E8*I8,2)),"")} -> 1100000 | N8: {=IF(F8>0,IF($D8<=0,0,ROUND(F8*J8,2)),"")} -> 1000000
A9: 2 | B9: ATK, Tinta Printer, akomodasi, listrik & telepon/Internet | D9: 1 | E9: {=D9} -> 1 | F9: {=D9} -> 1 | G9: LS | H9: 5530000 | I9: 5520000 | J9: 5500000 | K9: 11 | L9: {=IF(D9>0,IF($D9<=0,0,D9*H9),"")} -> 5530000 | M9: {=IF(E9>0,IF($D9<=0,0,ROUND(E9*I9,2)),"")} -> 5520000 | N9: {=IF(F9>0,IF($D9<=0,0,ROUND(F9*J9,2)),"")} -> 5500000
B10: BIAYA SMK3 | L10: {=IF(D10>0,IF($D10<=0,0,D10*H10),"")} | M10: {=IF(E10>0,IF($D10<=0,0,ROUND(E10*I10,2)),"")} | N10: {=IF(F10>0,IF($D10<=0,0,ROUND(F10*J10,2)),"")}
A11: 1 | B11: Helem Proyek | D11: 1 | E11: {=D11} -> 1 | F11: {=D11} -> 1 | G11: buah | H11: 77000 | I11: 75000 | J11: 75000 | K11: 11 | L11: {=IF(D11>0,IF($D11<=0,0,D11*H11),"")} -> 77000 | M11: {=IF(E11>0,IF($D11<=0,0,ROUND(E11*I11,2)),"")} -> 75000 | N11: {=IF(F11>0,IF($D11<=0,0,ROUND(F11*J11,2)),"")} -> 75000
A12: 2 | B12: Sepatu Safety | D12: 1 | E12: {=D12} -> 1 | F12: {=D12} -> 1 | G12: buah | H12: 200000 | I12: 200000 | J12: 200000 | K12: 11 | L12: {=IF(D12>0,IF($D12<=0,0,D12*H12),"")} -> 200000 | M12: {=IF(E12>0,IF($D12<=0,0,ROUND(E12*I12,2)),"")} -> 200000 | N12: {=IF(F12>0,IF($D12<=0,0,ROUND(F12*J12,2)),"")} -> 200000
B13: BIAYA SEWA KENDARAAN/TRANSPORTASI | L13: {=IF(D13>0,IF($D13<=0,0,D13*H13),"")} | M13: {=IF(E13>0,IF($D13<=0,0,ROUND(E13*I13,2)),"")} | N13: {=IF(F13>0,IF($D13<=0,0,ROUND(F13*J13,2)),"")}
A14: 1 | B14: Sewa & Ops. Kendaraan (1 unit) | D14: 1 | E14: {=D14} -> 1 | F14: {=D14} -> 1 | G14: LS | H14: 2000000 | I14: 2000000 | J14: 2000000 | K14: 11 | L14: {=IF(D14>0,IF($D14<=0,0,D14*H14),"")} -> 2000000 | M14: {=IF(E14>0,IF($D14<=0,0,ROUND(E14*I14,2)),"")} -> 2000000 | N14: {=IF(F14>0,IF($D14<=0,0,ROUND(F14*J14,2)),"")} -> 2000000
A15: 2 | B15: Laporan Pendahuluan | D15: 3 | E15: {=D15} -> 3 | F15: {=D15} -> 3 | G15: rangkap | H15: 200000 | I15: 200000 | J15: 200000 | K15: 11 | L15: {=IF(D15>0,IF($D15<=0,0,D15*H15),"")} -> 600000 | M15: {=IF(E15>0,IF($D15<=0,0,ROUND(E15*I15,2)),"")} -> 600000 | N15: {=IF(F15>0,IF($D15<=0,0,ROUND(F15*J15,2)),"")} -> 600000
A16: 3 | B16: Laporan Bulanan | D16: {=3*D5} -> 9 | E16: {=D16} -> 9 | F16: {=D16} -> 9 | G16: rangkap | H16: 150000 | I16: 150000 | J16: 150000 | K16: 11 | L16: {=IF(D16>0,IF($D16<=0,0,D16*H16),"")} -> 1350000 | M16: {=IF(E16>0,IF($D16<=0,0,ROUND(E16*I16,2)),"")} -> 1350000 | N16: {=IF(F16>0,IF($D16<=0,0,ROUND(F16*J16,2)),"")} -> 1350000
A17: 4 | B17: Laporan Akhir | D17: 3 | E17: {=D17} -> 3 | F17: {=D17} -> 3 | G17: rangkap | H17: 200000 | I17: 200000 | J17: 200000 | K17: 11 | L17: {=IF(D17>0,IF($D17<=0,0,D17*H17),"")} -> 600000 | M17: {=IF(E17>0,IF($D17<=0,0,ROUND(E17*I17,2)),"")} -> 600000 | N17: {=IF(F17>0,IF($D17<=0,0,ROUND(F17*J17,2)),"")} -> 600000
A18: 5 | B18: SSD External 1 TB | D18: 1 | E18: {=D18} -> 1 | F18: {=D18} -> 1 | G18: Buah | H18: 1800000 | I18: 1800000 | J18: 1800000 | K18: 11 | L18: {=IF(D18>0,IF($D18<=0,0,D18*H18),"")} -> 1800000 | M18: {=IF(E18>0,IF($D18<=0,0,ROUND(E18*I18,2)),"")} -> 1800000 | N18: {=IF(F18>0,IF($D18<=0,0,ROUND(F18*J18,2)),"")} -> 1800000
A19: V | B19: BPJS | L19: {=IF(D19>0,IF($D19<=0,0,D19*H19),"")} | M19: {=IF(E19>0,IF($D19<=0,0,ROUND(E19*I19,2)),"")} | N19: {=IF(F19>0,IF($D19<=0,0,ROUND(F19*J19,2)),"")}
B20: NKKK = 100.000.000,- | D20: 1 | E20: {=D20} -> 1 | F20: {=D20} -> 1 | G20: LS | H20: 86296.8 | I20: 86148 | J20: 85860 | K20: 0 | L20: {=IF(D20>0,IF($D20<=0,0,D20*H20),"")} -> 86296.8 | M20: {=IF(E20>0,IF($D20<=0,0,ROUND(E20*I20,2)),"")} -> 86148 | N20: {=IF(F20>0,IF($D20<=0,0,ROUND(F20*J20,2)),"")} -> 85860
L21: {=IF(D21>0,IF($D21<=0,0,D21*H21),"")} | M21: {=IF(E21>0,IF($D21<=0,0,ROUND(E21*I21,2)),"")} | N21: {=IF(F21>0,IF($D21<=0,0,ROUND(F21*J21,2)),"")}
K22: Jumlah Total (A) | L22: {=SUM(L3:L21)} -> 36043297 | M22: {=SUM(M1:M21)} -> 35981148 | N22: {=SUM(N1:N21)} -> 35860860
B23: HIT BPJS | D23: {=ROUND(IF(L23<=100000000,L23*0.24%,IF(AND(L23>100000000,L23<=500000000),100000000*0.24%+(L23-100000000)*0.19%,IF(AND(L23>500000000,L23<=1000000000),100000000*0.24%+400000000*0.19%+(L23-500000000)*0.15%,IF(AND(L23>1000000000,L23<=5000000000),100000000*0.24%+400000000*0.19%+500000000*0.15%+(L23-1000000000)*0.12%,IF(L23>5000000000,100000000*0.24%+400000000*0.19%+500000000*0.15%+4000000000*0.12%+(L23-5000000000)*0.1%,"Bingung komputer"))))),2)} -> 86296.8 | E23: {=ROUND(IF(M23<=100000000,M23*0.24%,IF(AND(M23>100000000,M23<=500000000),100000000*0.24%+(M23-100000000)*0.19%,IF(AND(M23>500000000,M23<=1000000000),100000000*0.24%+400000000*0.19%+(M23-500000000)*0.15%,IF(AND(M23>1000000000,M23<=5000000000),100000000*0.24%+400000000*0.19%+500000000*0.15%+(M23-1000000000)*0.12%,IF(M23>5000000000,100000000*0.24%+400000000*0.19%+500000000*0.15%+4000000000*0.12%+(M23-5000000000)*0.1%,"Bingung komputer"))))),2)} -> 86148 | F23: {=ROUND(IF(N23<=100000000,N23*0.24%,IF(AND(N23>100000000,N23<=500000000),100000000*0.24%+(N23-100000000)*0.19%,IF(AND(N23>500000000,N23<=1000000000),100000000*0.24%+400000000*0.19%+(N23-500000000)*0.15%,IF(AND(N23>1000000000,N23<=5000000000),100000000*0.24%+400000000*0.19%+500000000*0.15%+(N23-1000000000)*0.12%,IF(N23>5000000000,100000000*0.24%+400000000*0.19%+500000000*0.15%+4000000000*0.12%+(N23-5000000000)*0.1%,"Bingung komputer"))))),2)} -> 85860 | K23: {="Jumlah Terkena Pajak "&MAX(K3:K21)&"% (B)"} -> Jumlah Terkena Pajak 11,00% (B) | L23: {=SUMIF($K3:$K21,">0",L3:L21)} -> 35957000 | M23: {=SUMIF($K3:$K21,">0",M3:M21)} -> 35895000 | N23: {=SUMIF($K3:$K21,">0",N3:N21)} -> 35775000
K24: {="PPN (C) = "&MAX(K3:K21)&"% x B"} -> PPN (C) = 11,00% x B | L24: {=L23*MAX($K3:$K21)%} -> 3955270 | M24: {=M23*MAX($K3:$K21)%} -> 3948450 | N24: {=N23*MAX($K3:$K21)%} -> 3935250
K25: Jumlah Total (D) = (A) + ( C ) | L25: {=L22+L24} -> 39998567 | M25: {=M22+M24} -> 39929598 | N25: {=N22+N24} -> 39796110
K26: Jumlah Total dibulatkan (E) | L26: {=ROUNDDOWN(L25,2)} -> 39998567 | M26: {=ROUNDDOWN(M25,2)} -> 39929598 | N26: {=ROUNDDOWN(N25,-3)} -> 39796000

Sheet 49974911
A1: No. | B1: Uraian Pekerjaan | D1: Kuantitas | G1: Satuan | H1: Harga Satuan | K1: PAJAK | L1: JUMLAH
D2: HPS | E2: Penawaran | F2: Negoisasi | H2: HPS | I2: Penawaran | J2: Negoisasi | L2: HPS | M2: Penawaran | N2: Negoisasi
A3: A | B3: BIAYA LANGSUNG PERSONIL | L3: {=IF(D3>0,IF($D3<=0,0,D3*H3),"")} | M3: {=IF(E3>0,IF($D3<=0,0,ROUND(E3*I3,2)),"")} | N3: {=IF(F3>0,IF($D3<=0,0,ROUND(F3*J3,2)),"")}
A4: I | B4: PROFESIONAL STAFF/SUB PROFESIONAL STAFF | L4: {=IF(D4>0,IF($D4<=0,0,D4*H4),"")} | M4: {=IF(E4>0,IF($D4<=0,0,ROUND(E4*I4,2)),"")} | N4: {=IF(F4>0,IF($D4<=0,0,ROUND(F4*J4,2)),"")}
A5: 2 | B5: Team Leader Inspektur/pengawas Bangunan Gedung ( 1 0rang) | D5: 1.5 | E5: {=D5} -> 1.5 | F5: {=D5} -> 1.5 | G5: Orang/Bln | H5: 10000000 | I5: 10000000 | J5: 10000000 | K5: 11 | L5: {=IF(D5>0,IF($D5<=0,0,D5*H5),"")} -> 15000000 | M5: {=IF(E5>0,IF($D5<=0,0,ROUND(E5*I5,2)),"")} -> 15000000 | N5: {=IF(F5>0,IF($D5<=0,0,ROUND(F5*J5,2)),"")} -> 15000000
A6: B | B6: BIAYA LANGSUNG NON PERSONIL | L6: {=IF(D6>0,IF($D6<=0,0,D6*H6),"")} | M6: {=IF(E6>0,IF($D6<=0,0,ROUND(E6*I6,2)),"")} | N6: {=IF(F6>0,IF($D6<=0,0,ROUND(F6*J6,2)),"")}
A7: I | B7: KANTOR, AKOMODASI DAN PERALATAN | L7: {=IF(D7>0,IF($D7<=0,0,D7*H7),"")} | M7: {=IF(E7>0,IF($D7<=0,0,ROUND(E7*I7,2)),"")} | N7: {=IF(F7>0,IF($D7<=0,0,ROUND(F7*J7,2)),"")}
A8: 1 | B8: Sewa Printer A4 | D8: 1.5 | E8: {=D8} -> 1.5 | F8: {=D8} -> 1.5 | G8: unit-Bulan | H8: 200000 | I8: 230000 | J8: 200000 | K8: 11 | L8: {=IF(D8>0,IF($D8<=0,0,D8*H8),"")} -> 300000 | M8: {=IF(E8>0,IF($D8<=0,0,ROUND(E8*I8,2)),"")} -> 345000 | N8: {=IF(F8>0,IF($D8<=0,0,ROUND(F8*J8,2)),"")} -> 300000
A9: 2 | B9: ATK, Sewa Kendaraan, Tinta Printer, akomodasi, listrik & telepon/Internet | D9: 1.5 | E9: {=D9} -> 1.5 | F9: {=D9} -> 1.5 | G9: Bulan | H9: 5045000 | I9: 5000000 | J9: 5000000 | K9: 11 | L9: {=IF(D9>0,IF($D9<=0,0,D9*H9),"")} -> 7567500 | M9: {=IF(E9>0,IF($D9<=0,0,ROUND(E9*I9,2)),"")} -> 7500000 | N9: {=IF(F9>0,IF($D9<=0,0,ROUND(F9*J9,2)),"")} -> 7500000
B10: BIAYA SMK3 | L10: {=IF(D10>0,IF($D10<=0,0,D10*H10),"")} | M10: {=IF(E10>0,IF($D10<=0,0,ROUND(E10*I10,2)),"")} | N10: {=IF(F10>0,IF($D10<=0,0,ROUND(F10*J10,2)),"")}
A11: 3 | B11: Helem Proyek | D11: 1 | E11: {=D11} -> 1 | F11: {=D11} -> 1 | G11: buah | H11: 77000 | I11: 75000 | J11: 75000 | K11: 11 | L11: {=IF(D11>0,IF($D11<=0,0,D11*H11),"")} -> 77000 | M11: {=IF(E11>0,IF($D11<=0,0,ROUND(E11*I11,2)),"")} -> 75000 | N11: {=IF(F11>0,IF($D11<=0,0,ROUND(F11*J11,2)),"")} -> 75000
A12: 4 | B12: Sepatu Safety | D12: 1 | E12: {=D12} -> 1 | F12: {=D12} -> 1 | G12: buah | H12: 250000 | I12: 250000 | J12: 250000 | K12: 11 | L12: {=IF(D12>0,IF($D12<=0,0,D12*H12),"")} -> 250000 | M12: {=IF(E12>0,IF($D12<=0,0,ROUND(E12*I12,2)),"")} -> 250000 | N12: {=IF(F12>0,IF($D12<=0,0,ROUND(F12*J12,2)),"")} -> 250000
B13: BIAYA SEWA KENDARAAN/TRANSPORTASI | L13: {=IF(D13>0,IF($D13<=0,0,D13*H13),"")} | M13: {=IF(E13>0,IF($D13<=0,0,ROUND(E13*I13,2)),"")} | N13: {=IF(F13>0,IF($D13<=0,0,ROUND(F13*J13,2)),"")}
A14: 5 | B14: Laporan Pendahuluan | D14: 3 | E14: {=D14} -> 3 | F14: {=D14} -> 3 | G14: rangkap | H14: 200000 | I14: 200000 | J14: 200000 | K14: 11 | L14: {=IF(D14>0,IF($D14<=0,0,D14*H14),"")} -> 600000 | M14: {=IF(E14>0,IF($D14<=0,0,ROUND(E14*I14,2)),"")} -> 600000 | N14: {=IF(F14>0,IF($D14<=0,0,ROUND(F14*J14,2)),"")} -> 600000
A15: 6 | B15: Laporan Bulanan | D15: {=1.5*3} -> 4.5 | E15: {=D15} -> 4.5 | F15: {=D15} -> 4.5 | G15: rangkap | H15: 150000 | I15: 150000 | J15: 150000 | K15: 11 | L15: {=IF(D15>0,IF($D15<=0,0,D15*H15),"")} -> 675000 | M15: {=IF(E15>0,IF($D15<=0,0,ROUND(E15*I15,2)),"")} -> 675000 | N15: {=IF(F15>0,IF($D15<=0,0,ROUND(F15*J15,2)),"")} -> 675000
A16: 7 | B16: Laporan Akhir | D16: 3 | E16: {=D16} -> 3 | F16: {=D16} -> 3 | G16: rangkap | H16: 200000 | I16: 200000 | J16: 200000 | K16: 11 | L16: {=IF(D16>0,IF($D16<=0,0,D16*H16),"")} -> 600000 | M16: {=IF(E16>0,IF($D16<=0,0,ROUND(E16*I16,2)),"")} -> 600000 | N16: {=IF(F16>0,IF($D16<=0,0,ROUND(F16*J16,2)),"")} -> 600000
A17: 8 | B17: Flash Disk | D17: 1 | E17: {=D17} -> 1 | F17: {=D17} -> 1 | G17: Buah | H17: 100000 | I17: 100000 | J17: 100000 | K17: 11 | L17: {=IF(D17>0,IF($D17<=0,0,D17*H17),"")} -> 100000 | M17: {=IF(E17>0,IF($D17<=0,0,ROUND(E17*I17,2)),"")} -> 100000 | N17: {=IF(F17>0,IF($D17<=0,0,ROUND(F17*J17,2)),"")} -> 100000
A18: V | B18: BPJS | L18: {=IF(D18>0,IF($D18<=0,0,D18*H18),"")} | M18: {=IF(E18>0,IF($D18<=0,0,ROUND(E18*I18,2)),"")} | N18: {=IF(F18>0,IF($D18<=0,0,ROUND(F18*J18,2)),"")}
B19: NKKK = 100.000.000,- | D19: 1 | E19: {=D19} -> 1 | F19: {=D19} -> 1 | G19: LS | H19: 60406.8 | I19: 70000 | J19: 60240 | K19: 0 | L19: {=IF(D19>0,IF($D19<=0,0,D19*H19),"")} -> 60406.8 | M19: {=IF(E19>0,IF($D19<=0,0,ROUND(E19*I19,2)),"")} -> 70000 | N19: {=IF(F19>0,IF($D19<=0,0,ROUND(F19*J19,2)),"")} -> 60240
L20: {=IF(D20>0,IF($D20<=0,0,D20*H20),"")} | M20: {=IF(E20>0,IF($D20<=0,0,ROUND(E20*I20,2)),"")} | N20: {=IF(F20>0,IF($D20<=0,0,ROUND(F20*J20,2)),"")}
K21: Jumlah Total (A) | L21: {=SUM(L1:L20)} -> 25229907 | M21: {=SUM(M1:M20)} -> 25215000 | N21: {=SUM(N1:N20)} -> 25160240
B22: HIT BPJS | D22: {=ROUND(IF(L22<=100000000,L22*0.24%,IF(AND(L22>100000000,L22<=500000000),100000000*0.24%+(L22-100000000)*0.19%,IF(AND(L22>500000000,L22<=1000000000),100000000*0.24%+400000000*0.19%+(L22-500000000)*0.15%,IF(AND(L22>1000000000,L22<=5000000000),100000000*0.24%+400000000*0.19%+500000000*0.15%+(L22-1000000000)*0.12%,IF(L22>5000000000,100000000*0.24%+400000000*0.19%+500000000*0.15%+4000000000*0.12%+(L22-5000000000)*0.1%,"Bingung komputer"))))),2)} -> 60406.8 | E22: {=ROUND(IF(M22<=100000000,M22*0.24%,IF(AND(M22>100000000,M22<=500000000),100000000*0.24%+(M22-100000000)*0.19%,IF(AND(M22>500000000,M22<=1000000000),100000000*0.24%+400000000*0.19%+(M22-500000000)*0.15%,IF(AND(M22>1000000000,M22<=5000000000),100000000*0.24%+400000000*0.19%+500000000*0.15%+(M22-1000000000)*0.12%,IF(M22>5000000000,100000000*0.24%+400000000*0.19%+500000000*0.15%+4000000000*0.12%+(M22-5000000000)*0.1%,"Bingung komputer"))))),2)} -> 60348 | F22: {=ROUND(IF(N22<=100000000,N22*0.24%,IF(AND(N22>100000000,N22<=500000000),100000000*0.24%+(N22-100000000)*0.19%,IF(AND(N22>500000000,N22<=1000000000),100000000*0.24%+400000000*0.19%+(N22-500000000)*0.15%,IF(AND(N22>1000000000,N22<=5000000000),100000000*0.24%+400000000*0.19%+500000000*0.15%+(N22-1000000000)*0.12%,IF(N22>5000000000,100000000*0.24%+400000000*0.19%+500000000*0.15%+4000000000*0.12%+(N22-5000000000)*0.1%,"Bingung komputer"))))),2)} -> 60240 | K22: {="Jumlah Terkena Pajak "&MAX(K3:K20)&"% (B)"} -> Jumlah Terkena Pajak 11,00% (B) | L22: {=SUMIF($K3:$K20,">0",L3:L20)} -> 25169500 | M22: {=SUMIF($K3:$K20,">0",M3:M20)} -> 25145000 | N22: {=SUMIF($K3:$K20,">0",N3:N20)} -> 25100000
F23: 28000000 | K23: {="PPN (C) = "&MAX(K3:K20)&"% x B"} -> PPN (C) = 11,00% x B | L23: {=L22*MAX($K3:$K20)%} -> 2768645 | M23: {=M22*MAX($K3:$K20)%} -> 2765950 | N23: {=N22*MAX($K3:$K20)%} -> 2761000
K24: Jumlah Total (D) = (A) + ( C ) | L24: {=L21+L23} -> 27998552 | M24: {=M21+M23} -> 27980950 | N24: {=N21+N23} -> 27921240
K25: Jumlah Total dibulatkan (E) | L25: {=ROUNDDOWN(L24,2)} -> 27998552 | M25: {=ROUNDDOWN(M24,2)} -> 27980950 | N25: {=ROUNDDOWN(N24,-3)} -> 27921000

Sheet 49978186-1
A1: No. | B1: Uraian Pekerjaan | D1: Kuantitas | G1: Satuan | H1: Harga Satuan | K1: PAJAK | L1: JUMLAH
D2: HPS | E2: Penawaran | F2: Negoisasi | H2: HPS | I2: Penawaran | J2: Negoisasi | L2: HPS | M2: Penawaran | N2: Negoisasi
B3: Biaya perencanaan teknis | L3: {=IF(D3>0,IF($D3<=0,0,D3*H3),"")} | M3: {=IF(E3>0,IF($D3<=0,0,ROUND(E3*I3,2)),"")} | N3: {=IF(F3>0,IF($D3<=0,0,ROUND(F3*J3,2)),"")}
A4: 1 | B4: tahap konsepsi perancangan sebesar 10% | D4: 1 | E4: {=D4} -> 1 | F4: {=D4} -> 1 | G4: LS | H4: {=ROUNDDOWN((F$30*0.1)*100/111,-2)} -> 2517000 | I4: 2510000 | J4: 2510000 | K4: 11 | L4: {=IF(D4>0,IF($D4<=0,0,D4*H4),"")} -> 2517000 | M4: {=IF(E4>0,IF($D4<=0,0,ROUND(E4*I4,2)),"")} -> 2510000 | N4: {=IF(F4>0,IF($D4<=0,0,ROUND(F4*J4,2)),"")} -> 2510000
A5: 2 | B5: tahap pra rancangan sebesar 20% | D5: 1 | E5: {=D5} -> 1 | F5: {=D5} -> 1 | G5: LS | H5: {=ROUNDDOWN((F$30*0.2)*100/111,-2)} -> 5034100 | I5: 5030000 | J5: 5030000 | K5: 11 | L5: {=IF(D5>0,IF($D5<=0,0,D5*H5),"")} -> 5034100 | M5: {=IF(E5>0,IF($D5<=0,0,ROUND(E5*I5,2)),"")} -> 5030000 | N5: {=IF(F5>0,IF($D5<=0,0,ROUND(F5*J5,2)),"")} -> 5030000
A6: 3 | B6: tahap pengembangan rancangan sebesar 25% | D6: 1 | E6: {=D6} -> 1 | F6: {=D6} -> 1 | G6: LS | H6: {=ROUNDDOWN((F$30*0.25)*100/111,-2)} -> 6292600 | I6: 6290000 | J6: 6290000 | K6: 11 | L6: {=IF(D6>0,IF($D6<=0,0,D6*H6),"")} -> 6292600 | M6: {=IF(E6>0,IF($D6<=0,0,ROUND(E6*I6,2)),"")} -> 6290000 | N6: {=IF(F6>0,IF($D6<=0,0,ROUND(F6*J6,2)),"")} -> 6290000
A7: 5 | B7: tahap rancangan detail meliputi penyusunan rancangan gambar detail dan penyusunan Rencana Kerja dan Syarat (RKS), serta Rencana Anggaran Biaya (RAB) sebesar 25% | D7: 1 | E7: {=D7} -> 1 | F7: {=D7} -> 1 | G7: LS | H7: {=ROUNDDOWN((F$30*0.25)*100/111,-2)} -> 6292600 | I7: 6290000 | J7: 6290000 | K7: 11 | L7: {=IF(D7>0,IF($D7<=0,0,D7*H7),"")} -> 6292600 | M7: {=IF(E7>0,IF($D7<=0,0,ROUND(E7*I7,2)),"")} -> 6290000 | N7: {=IF(F7>0,IF($D7<=0,0,ROUND(F7*J7,2)),"")} -> 6290000
A8: 6 | B8: tahap pelelangan penyedia jasa pelaksanaan konstruksi sebesar 5% | D8: 1 | E8: {=D8} -> 1 | F8: {=D8} -> 1 | G8: LS | H8: {=ROUNDDOWN((F$30*0.05)*100/111,-2)} -> 1258500 | I8: 1250000 | J8: 1250000 | K8: 11 | L8: {=IF(D8>0,IF($D8<=0,0,D8*H8),"")} -> 1258500 | M8: {=IF(E8>0,IF($D8<=0,0,ROUND(E8*I8,2)),"")} -> 1250000 | N8: {=IF(F8>0,IF($D8<=0,0,ROUND(F8*J8,2)),"")} -> 1250000
A9: 7 | B9: tahap pengawasan berkala sebesar 15% | D9: 1 | E9: {=D9} -> 1 | F9: {=D9} -> 1 | G9: LS | H9: {=ROUNDDOWN((F$30*0.15)*100/111,-2)} -> 3775600 | I9: 3770000 | J9: 3770000 | K9: 11 | L9: {=IF(D9>0,IF($D9<=0,0,D9*H9),"")} -> 3775600 | M9: {=IF(E9>0,IF($D9<=0,0,ROUND(E9*I9,2)),"")} -> 3770000 | N9: {=IF(F9>0,IF($D9<=0,0,ROUND(F9*J9,2)),"")} -> 3770000
A10: 8 | B10: JKK/JKM | D10: 1 | E10: {=D10} -> 1 | F10: {=D10} -> 1 | G10: LS | H10: 60408.96 | I10: 60336 | J10: 60336 | K10: 0 | L10: {=IF(D10>0,IF($D10<=0,0,D10*H10),"")} -> 60408.96 | M10: {=IF(E10>0,IF($D10<=0,0,ROUND(E10*I10,2)),"")} -> 60336 | N10: {=IF(F10>0,IF($D10<=0,0,ROUND(F10*J10,2)),"")} -> 60336
K27: Jumlah Total (A) | L27: {=SUM(L1:L26)} -> 25230809 | M27: {=SUM(M1:M26)} -> 25200336 | N27: {=SUM(N1:N26)} -> 25200336
A28: {=ROUND(IF(I28<=100000000,I28*0.24%,IF(AND(I28>100000000,I28<=500000000),100000000*0.24%+(I28-100000000)*0.19%,IF(AND(I28>500000000,I28<=1000000000),100000000*0.24%+400000000*0.19%+(I28-500000000)*0.15%,IF(AND(I28>1000000000,I28<=5000000000),100000000*0.24%+400000000*0.19%+500000000*0.15%+(I28-1000000000)*0.12%,IF(I28>5000000000,100000000*0.24%+400000000*0.19%+500000000*0.15%+4000000000*0.12%+(I28-5000000000)*0.1%,"Bingung komputer"))))),2)} -> 0 | B28: HIT BPJS | D28: {=ROUND(IF(L28<=100000000,L28*0.24%,IF(AND(L28>100000000,L28<=500000000),100000000*0.24%+(L28-100000000)*0.19%,IF(AND(L28>500000000,L28<=1000000000),100000000*0.24%+400000000*0.19%+(L28-500000000)*0.15%,IF(AND(L28>1000000000,L28<=5000000000),100000000*0.24%+400000000*0.19%+500000000*0.15%+(L28-1000000000)*0.12%,IF(L28>5000000000,100000000*0.24%+400000000*0.19%+500000000*0.15%+4000000000*0.12%+(L28-5000000000)*0.1%,"Bingung komputer"))))),2)} -> 60408.96 | E28: {=ROUND(IF(M28<=100000000,M28*0.24%,IF(AND(M28>100000000,M28<=500000000),100000000*0.24%+(M28-100000000)*0.19%,IF(AND(M28>500000000,M28<=1000000000),100000000*0.24%+400000000*0.19%+(M28-500000000)*0.15%,IF(AND(M28>1000000000,M28<=5000000000),100000000*0.24%+400000000*0.19%+500000000*0.15%+(M28-1000000000)*0.12%,IF(M28>5000000000,100000000*0.24%+400000000*0.19%+500000000*0.15%+4000000000*0.12%+(M28-5000000000)*0.1%,"Bingung komputer"))))),2)} -> 60336 | F28: {=ROUND(IF(N28<=100000000,N28*0.24%,IF(AND(N28>100000000,N28<=500000000),100000000*0.24%+(N28-100000000)*0.19%,IF(AND(N28>500000000,N28<=1000000000),100000000*0.24%+400000000*0.19%+(N28-500000000)*0.15%,IF(AND(N28>1000000000,N28<=5000000000),100000000*0.24%+400000000*0.19%+500000000*0.15%+(N28-1000000000)*0.12%,IF(N28>5000000000,100000000*0.24%+400000000*0.19%+500000000*0.15%+4000000000*0.12%+(N28-5000000000)*0.1%,"Bingung komputer"))))),2)} -> 60336 | K28: {="Jumlah Terkena Pajak "&MAX(K3:K26)&"% (B)"} -> Jumlah Terkena Pajak 11,00% (B) | L28: {=SUMIF($K3:$K26,">0",L3:L26)} -> 25170400 | M28: {=SUMIF($K3:$K26,">0",M3:M26)} -> 25140000 | N28: {=SUMIF($K3:$K26,">0",N3:N26)} -> 25140000
K29: {="PPN (C) = "&MAX(K3:K26)&"% x B"} -> PPN (C) = 11,00% x B | L29: {=L28*MAX($K3:$K26)%} -> 2768744 | M29: {=M28*MAX($K3:$K26)%} -> 2765400 | N29: {=N28*MAX($K3:$K26)%} -> 2765400
D30: PAGU | E30: 28000000 | F30: 27939500 | K30: Jumlah Total (D) = (A) + ( C ) | L30: {=L27+L29} -> 27999553 | M30: {=M27+M29} -> 27965736 | N30: {=N27+N29} -> 27965736
E31: {=E$30-L$31} -> 447.04 | F31: {=ROUNDDOWN(E$30-D$28,2)} -> 27939591 | K31: Jumlah Total dibulatkan (E) | L31: {=ROUNDDOWN(L30,2)} -> 27999553 | M31: {=ROUNDDOWN(M30,2)} -> 27965736 | N31: {=ROUNDDOWN(N30,-3)} -> 27965000

Sheet 51309562
A1: No. | B1: Uraian Pekerjaan | D1: Kuantitas | G1: Satuan | H1: Harga Satuan | K1: PAJAK | L1: JUMLAH
D2: HPS | E2: Penawaran | F2: Negoisasi | H2: HPS | I2: Penawaran | J2: Negoisasi | L2: HPS | M2: Penawaran | N2: Negoisasi
B3: Biaya perencanaan teknis | L3: {=IF(D3>0,IF($D3<=0,0,D3*H3),"")} | M3: {=IF(E3>0,IF($D3<=0,0,ROUND(E3*I3,2)),"")} | N3: {=IF(F3>0,IF($D3<=0,0,ROUND(F3*J3,2)),"")}
A4: 1 | B4: tahap konsepsi perancangan sebesar 10% | D4: 1 | E4: {=D4} -> 1 | F4: {=D4} -> 1 | G4: LS | H4: {=ROUNDDOWN((F$30*0.1)*100/111,-2)} -> 1123600 | I4: 1125000 | J4: 1125000 | K4: 11 | L4: {=IF(D4>0,IF($D4<=0,0,D4*H4),"")} -> 1123600 | M4: {=IF(E4>0,IF($D4<=0,0,ROUND(E4*I4,2)),"")} -> 1125000 | N4: {=IF(F4>0,IF($D4<=0,0,ROUND(F4*J4,2)),"")} -> 1125000
A5: 2 | B5: tahap pra rancangan sebesar 20% | D5: 1 | E5: {=D5} -> 1 | F5: {=D5} -> 1 | G5: LS | H5: {=ROUNDDOWN((F$30*0.2)*100/111,-2)} -> 2247300 | I5: 2250000 | J5: 2250000 | K5: 11 | L5: {=IF(D5>0,IF($D5<=0,0,D5*H5),"")} -> 2247300 | M5: {=IF(E5>0,IF($D5<=0,0,ROUND(E5*I5,2)),"")} -> 2250000 | N5: {=IF(F5>0,IF($D5<=0,0,ROUND(F5*J5,2)),"")} -> 2250000
A6: 3 | B6: tahap pengembangan rancangan sebesar 25% | D6: 1 | E6: {=D6} -> 1 | F6: {=D6} -> 1 | G6: LS | H6: {=ROUNDDOWN((F$30*0.25)*100/111,-2)} -> 2809200 | I6: 2800000 | J6: 2800000 | K6: 11 | L6: {=IF(D6>0,IF($D6<=0,0,D6*H6),"")} -> 2809200 | M6: {=IF(E6>0,IF($D6<=0,0,ROUND(E6*I6,2)),"")} -> 2800000 | N6: {=IF(F6>0,IF($D6<=0,0,ROUND(F6*J6,2)),"")} -> 2800000
A7: 5 | B7: tahap rancangan detail meliputi penyusunan rancangan gambar detail dan penyusunan Rencana Kerja dan Syarat (RKS), serta Rencana Anggaran Biaya (RAB) sebesar 25% | D7: 1 | E7: {=D7} -> 1 | F7: {=D7} -> 1 | G7: LS | H7: {=ROUNDDOWN((F$30*0.25)*100/111,-2)} -> 2809200 | I7: 2810000 | J7: 2810000 | K7: 11 | L7: {=IF(D7>0,IF($D7<=0,0,D7*H7),"")} -> 2809200 | M7: {=IF(E7>0,IF($D7<=0,0,ROUND(E7*I7,2)),"")} -> 2810000 | N7: {=IF(F7>0,IF($D7<=0,0,ROUND(F7*J7,2)),"")} -> 2810000
A8: 6 | B8: tahap pelelangan penyedia jasa pelaksanaan konstruksi sebesar 5% | D8: 1 | E8: {=D8} -> 1 | F8: {=D8} -> 1 | G8: LS | H8: {=ROUNDDOWN((F$30*0.05)*100/111,-2)} -> 561800 | I8: 550800 | J8: 550800 | K8: 11 | L8: {=IF(D8>0,IF($D8<=0,0,D8*H8),"")} -> 561800 | M8: {=IF(E8>0,IF($D8<=0,0,ROUND(E8*I8,2)),"")} -> 550800 | N8: {=IF(F8>0,IF($D8<=0,0,ROUND(F8*J8,2)),"")} -> 550800
A9: 7 | B9: tahap pengawasan berkala sebesar 15% | D9: 1 | E9: {=D9} -> 1 | F9: {=D9} -> 1 | G9: LS | H9: {=ROUNDDOWN((F$30*0.15)*100/111,-2)} -> 1685500 | I9: 1675000 | J9: 1675000 | K9: 11 | L9: {=IF(D9>0,IF($D9<=0,0,D9*H9),"")} -> 1685500 | M9: {=IF(E9>0,IF($D9<=0,0,ROUND(E9*I9,2)),"")} -> 1675000 | N9: {=IF(F9>0,IF($D9<=0,0,ROUND(F9*J9,2)),"")} -> 1675000
A10: 8 | B10: JKK/JKM | D10: 1 | E10: {=D10} -> 1 | F10: {=D10} -> 1 | G10: LS | H10: 26967.84 | I10: 26905.92 | J10: 26905.92 | K10: 0 | L10: {=IF(D10>0,IF($D10<=0,0,D10*H10),"")} -> 26967.84 | M10: {=IF(E10>0,IF($D10<=0,0,ROUND(E10*I10,2)),"")} -> 26905.92 | N10: {=IF(F10>0,IF($D10<=0,0,ROUND(F10*J10,2)),"")} -> 26905.92
K27: Jumlah Total (A) | L27: {=SUM(L1:L26)} -> 11263568 | M27: {=SUM(M1:M26)} -> 11237706 | N27: {=SUM(N1:N26)} -> 11237706
A28: {=ROUND(IF(I28<=100000000,I28*0.24%,IF(AND(I28>100000000,I28<=500000000),100000000*0.24%+(I28-100000000)*0.19%,IF(AND(I28>500000000,I28<=1000000000),100000000*0.24%+400000000*0.19%+(I28-500000000)*0.15%,IF(AND(I28>1000000000,I28<=5000000000),100000000*0.24%+400000000*0.19%+500000000*0.15%+(I28-1000000000)*0.12%,IF(I28>5000000000,100000000*0.24%+400000000*0.19%+500000000*0.15%+4000000000*0.12%+(I28-5000000000)*0.1%,"Bingung komputer"))))),2)} -> 0 | B28: HIT BPJS | D28: {=ROUND(IF(L28<=100000000,L28*0.24%,IF(AND(L28>100000000,L28<=500000000),100000000*0.24%+(L28-100000000)*0.19%,IF(AND(L28>500000000,L28<=1000000000),100000000*0.24%+400000000*0.19%+(L28-500000000)*0.15%,IF(AND(L28>1000000000,L28<=5000000000),100000000*0.24%+400000000*0.19%+500000000*0.15%+(L28-1000000000)*0.12%,IF(L28>5000000000,100000000*0.24%+400000000*0.19%+500000000*0.15%+4000000000*0.12%+(L28-5000000000)*0.1%,"Bingung komputer"))))),2)} -> 26967.84 | E28: {=ROUND(IF(M28<=100000000,M28*0.24%,IF(AND(M28>100000000,M28<=500000000),100000000*0.24%+(M28-100000000)*0.19%,IF(AND(M28>500000000,M28<=1000000000),100000000*0.24%+400000000*0.19%+(M28-500000000)*0.15%,IF(AND(M28>1000000000,M28<=5000000000),100000000*0.24%+400000000*0.19%+500000000*0.15%+(M28-1000000000)*0.12%,IF(M28>5000000000,100000000*0.24%+400000000*0.19%+500000000*0.15%+4000000000*0.12%+(M28-5000000000)*0.1%,"Bingung komputer"))))),2)} -> 26905.92 | F28: {=ROUND(IF(N28<=100000000,N28*0.24%,IF(AND(N28>100000000,N28<=500000000),100000000*0.24%+(N28-100000000)*0.19%,IF(AND(N28>500000000,N28<=1000000000),100000000*0.24%+400000000*0.19%+(N28-500000000)*0.15%,IF(AND(N28>1000000000,N28<=5000000000),100000000*0.24%+400000000*0.19%+500000000*0.15%+(N28-1000000000)*0.12%,IF(N28>5000000000,100000000*0.24%+400000000*0.19%+500000000*0.15%+4000000000*0.12%+(N28-5000000000)*0.1%,"Bingung komputer"))))),2)} -> 26905.92 | K28: {="Jumlah Terkena Pajak "&MAX(K3:K26)&"% (B)"} -> Jumlah Terkena Pajak 11,00% (B) | L28: {=SUMIF($K3:$K26,">0",L3:L26)} -> 11236600 | M28: {=SUMIF($K3:$K26,">0",M3:M26)} -> 11210800 | N28: {=SUMIF($K3:$K26,">0",N3:N26)} -> 11210800
K29: {="PPN (C) = "&MAX(K3:K26)&"% x B"} -> PPN (C) = 11,00% x B | L29: {=L28*MAX($K3:$K26)%} -> 1236026 | M29: {=M28*MAX($K3:$K26)%} -> 1233188 | N29: {=N28*MAX($K3:$K26)%} -> 1233188
D30: PAGU | E30: 12500000 | F30: 12473000 | K30: Jumlah Total (D) = (A) + ( C ) | L30: {=L27+L29} -> 12499594 | M30: {=M27+M29} -> 12470894 | N30: {=N27+N29} -> 12470894
E31: {=E$30-L$31} -> 406.16 | F31: {=ROUNDDOWN(E$30-D$28,2)} -> 12473032 | K31: Jumlah Total dibulatkan (E) | L31: {=ROUNDDOWN(L30,2)} -> 12499594 | M31: {=ROUNDDOWN(M30,2)} -> 12470894 | N31: {=ROUNDDOWN(N30,-3)} -> 12470000

Sheet 49014437
A1: No. | B1: Uraian Pekerjaan | D1: Kuantitas | G1: Satuan | H1: Harga Satuan | K1: PAJAK | L1: JUMLAH
D2: HPS | E2: Penawaran | F2: Negoisasi | H2: HPS | I2: Penawaran | J2: Negoisasi | L2: HPS | M2: Penawaran | N2: Negoisasi
B3: DIVISI 1. UMUM | L3: {=IF(D3>0,IF($D3<=0,0,D3*H3),"")} | M3: {=IF(E3>0,IF($D3<=0,0,ROUND(E3*I3,2)),"")} | N3: {=IF(F3>0,IF($D3<=0,0,ROUND(F3*J3,2)),"")}
A4: 1.2 | B4: Mobilisasi | D4: 1 | E4: {=D4} -> 1 | F4: {=D4} -> 1 | G4: LS | H4: 5634000 | I4: 5595000 | J4: 5595000 | K4: 11 | L4: {=IF(D4>0,IF($D4<=0,0,D4*H4),"")} -> 5634000 | M4: {=IF(E4>0,IF($D4<=0,0,ROUND(E4*I4,2)),"")} -> 5595000 | N4: {=IF(F4>0,IF($D4<=0,0,ROUND(F4*J4,2)),"")} -> 5595000
A5: 1.8.(1) | B5: Manajemen dan Keselamatan Lalu Lintas | D5: 1 | E5: {=D5} -> 1 | F5: {=D5} -> 1 | G5: LS | H5: 775000 | I5: 775000 | J5: 775000 | K5: 11 | L5: {=IF(D5>0,IF($D5<=0,0,D5*H5),"")} -> 775000 | M5: {=IF(E5>0,IF($D5<=0,0,ROUND(E5*I5,2)),"")} -> 775000 | N5: {=IF(F5>0,IF($D5<=0,0,ROUND(F5*J5,2)),"")} -> 775000
A6: 1.19 | B6: Keselamatan dan Kesehatan Kerja | D6: 1 | E6: {=D6} -> 1 | F6: {=D6} -> 1 | G6: LS | H6: 4253000 | I6: 4213000 | J6: 4213000 | K6: 11 | L6: {=IF(D6>0,IF($D6<=0,0,D6*H6),"")} -> 4253000 | M6: {=IF(E6>0,IF($D6<=0,0,ROUND(E6*I6,2)),"")} -> 4213000 | N6: {=IF(F6>0,IF($D6<=0,0,ROUND(F6*J6,2)),"")} -> 4213000
B7: DIVISI 3. PEKERJAAN TANAH DAN GEOSINTETIK | L7: {=IF(D7>0,IF($D7<=0,0,D7*H7),"")} | M7: {=IF(E7>0,IF($D7<=0,0,ROUND(E7*I7,2)),"")} | N7: {=IF(F7>0,IF($D7<=0,0,ROUND(F7*J7,2)),"")}
A8: 3.1.(4) | B8: Galian Struktur dengan kedalaman 0 - 2 meter | D8: 81.71 | E8: {=D8} -> 81.71 | F8: {=D8} -> 81.71 | G8: M3 | H8: 30620.15 | I8: 30617.68 | J8: 30617.68 | K8: 11 | L8: {=IF(D8>0,IF($D8<=0,0,D8*H8),"")} -> 2501972.5 | M8: {=IF(E8>0,IF($D8<=0,0,ROUND(E8*I8,2)),"")} -> 2501770.6 | N8: {=IF(F8>0,IF($D8<=0,0,ROUND(F8*J8,2)),"")} -> 2501770.6
B9: DIVISI 7. STRUKTUR | L9: {=IF(D9>0,IF($D9<=0,0,D9*H9),"")} | M9: {=IF(E9>0,IF($D9<=0,0,ROUND(E9*I9,2)),"")} | N9: {=IF(F9>0,IF($D9<=0,0,ROUND(F9*J9,2)),"")}
A10: 7.1 (5a) | B10: Beton struktur, fc’30 Mpa Bangunan Bawah (Abutmen) | D10: 31.28 | E10: {=D10} -> 31.28 | F10: {=D10} -> 31.28 | G10: M3 | H10: 1806537.9 | I10: 1806488.8 | J10: 1806488.8 | K10: 11 | L10: {=IF(D10>0,IF($D10<=0,0,D10*H10),"")} -> 56508505 | M10: {=IF(E10>0,IF($D10<=0,0,ROUND(E10*I10,2)),"")} -> 56506969 | N10: {=IF(F10>0,IF($D10<=0,0,ROUND(F10*J10,2)),"")} -> 56506969
A11: 7.1 (9) | B11: Beton Siklop, fc’15 Mpa | D11: 6.28 | E11: {=D11} -> 6.28 | F11: {=D11} -> 6.28 | G11: M3 | H11: 1018126 | I11: 1018126 | J11: 1018126 | K11: 11 | L11: {=IF(D11>0,IF($D11<=0,0,D11*H11),"")} -> 6393831.2 | M11: {=IF(E11>0,IF($D11<=0,0,ROUND(E11*I11,2)),"")} -> 6393831.2 | N11: {=IF(F11>0,IF($D11<=0,0,ROUND(F11*J11,2)),"")} -> 6393831.2
A12: 7.1 (10) | B12: Beton, fc’10 Mpa (Lantai Kerja) | D12: 2.5 | E12: {=D12} -> 2.5 | F12: {=D12} -> 2.5 | G12: M3 | H12: 1562409.1 | I12: 1562409.1 | J12: 1562409.1 | K12: 11 | L12: {=IF(D12>0,IF($D12<=0,0,D12*H12),"")} -> 3906022.6 | M12: {=IF(E12>0,IF($D12<=0,0,ROUND(E12*I12,2)),"")} -> 3906022.6 | N12: {=IF(F12>0,IF($D12<=0,0,ROUND(F12*J12,2)),"")} -> 3906022.6
A13: 7.3 (1) | B13: Baja Tulangan Polos-BjTP 280 (polos) | D13: 2411.07 | E13: {=D13} -> 2411.07 | F13: {=D13} -> 2411.07 | G13: kg | H13: 23188.31 | I13: 23182.56 | J13: 23182.56 | K13: 11 | L13: {=IF(D13>0,IF($D13<=0,0,D13*H13),"")} -> 55908639 | M13: {=IF(E13>0,IF($D13<=0,0,ROUND(E13*I13,2)),"")} -> 55894775 | N13: {=IF(F13>0,IF($D13<=0,0,ROUND(F13*J13,2)),"")} -> 55894775
A14: 7.9.(1) | B14: Pasangan Batu (Abutmen) | D14: 49.79 | E14: {=D14} -> 49.79 | F14: {=D14} -> 49.79 | G14: M3 | H14: 813639.47 | I14: 813542.94 | J14: 813542.94 | K14: 11 | L14: {=IF(D14>0,IF($D14<=0,0,D14*H14),"")} -> 40511109 | M14: {=IF(E14>0,IF($D14<=0,0,ROUND(E14*I14,2)),"")} -> 40506303 | N14: {=IF(F14>0,IF($D14<=0,0,ROUND(F14*J14,2)),"")} -> 40506303
B15: DIVISI 9. PEKERJAAN HARIAN & PEKERJAAN LAIN-LAIN | L15: {=IF(D15>0,IF($D15<=0,0,D15*H15),"")} | M15: {=IF(E15>0,IF($D15<=0,0,ROUND(E15*I15,2)),"")} | N15: {=IF(F15>0,IF($D15<=0,0,ROUND(F15*J15,2)),"")}
A16: 9.1.(19) | B16: Pompa Air 70 - 100 mm | D16: 70 | E16: {=D16} -> 70 | F16: {=D16} -> 70 | G16: Jam | H16: 49007.67 | I16: 49007.67 | J16: 49007.67 | K16: 11 | L16: {=IF(D16>0,IF($D16<=0,0,D16*H16),"")} -> 3430536.9 | M16: {=IF(E16>0,IF($D16<=0,0,ROUND(E16*I16,2)),"")} -> 3430536.9 | N16: {=IF(F16>0,IF($D16<=0,0,ROUND(F16*J16,2)),"")} -> 3430536.9
B17: Biaya BPJS Ketenaga Kerjaan | L17: {=IF(D17>0,IF($D17<=0,0,D17*H17),"")}
A18: 1 | B18: JKK/JKM | D18: 1 | E18: {=D18} -> 1 | F18: {=D18} -> 1 | G18: LS | H18: 391662.69 | I18: 391473.82 | J18: 391473.82 | K18: 0 | L18: {=IF(D18>0,IF($D18<=0,0,D18*H18),"")} -> 391662.69 | M18: {=IF(E18>0,IF($D18<=0,0,ROUND(E18*I18,2)),"")} -> 391473.82 | N18: {=IF(F18>0,IF($D18<=0,0,ROUND(F18*J18,2)),"")} -> 391473.82
K35: Jumlah Total (A) | L35: {=SUM(L1:L34)} -> 1.8021428e+08 | M35: {=SUM(M1:M34)} -> 1.8011468e+08 | N35: {=SUM(N1:N34)} -> 1.8011468e+08
B36: HIT BPJS | D36: {=ROUND(IF(L36<=100000000,L36*0.24%,IF(AND(L36>100000000,L36<=500000000),100000000*0.24%+(L36-100000000)*0.19%,IF(AND(L36>500000000,L36<=1000000000),100000000*0.24%+400000000*0.19%+(L36-500000000)*0.15%,IF(AND(L36>1000000000,L36<=5000000000),100000000*0.24%+400000000*0.19%+500000000*0.15%+(L36-1000000000)*0.12%,IF(L36>5000000000,100000000*0.24%+400000000*0.19%+500000000*0.15%+4000000000*0.12%+(L36-5000000000)*0.1%,"Bingung komputer"))))),2)} -> 391662.97 | E36: {=ROUND(IF(M36<=100000000,M36*0.24%,IF(AND(M36>100000000,M36<=500000000),100000000*0.24%+(M36-100000000)*0.19%,IF(AND(M36>500000000,M36<=1000000000),100000000*0.24%+400000000*0.19%+(M36-500000000)*0.15%,IF(AND(M36>1000000000,M36<=5000000000),100000000*0.24%+400000000*0.19%+500000000*0.15%+(M36-1000000000)*0.12%,IF(M36>5000000000,100000000*0.24%+400000000*0.19%+500000000*0.15%+4000000000*0.12%+(M36-5000000000)*0.1%,"Bingung komputer"))))),2)} -> 391474.1 | F36: {=ROUND(IF(N36<=100000000,N36*0.24%,IF(AND(N36>100000000,N36<=500000000),100000000*0.24%+(N36-100000000)*0.19%,IF(AND(N36>500000000,N36<=1000000000),100000000*0.24%+400000000*0.19%+(N36-500000000)*0.15%,IF(AND(N36>1000000000,N36<=5000000000),100000000*0.24%+400000000*0.19%+500000000*0.15%+(N36-1000000000)*0.12%,IF(N36>5000000000,100000000*0.24%+400000000*0.19%+500000000*0.15%+4000000000*0.12%+(N36-5000000000)*0.1%,"Bingung komputer"))))),2)} -> 391474.1 | K36: {="Jumlah Terkena Pajak "&MAX(K3:K34)&"% (B)"} -> Jumlah Terkena Pajak 11,00% (B) | L36: {=SUMIF($K3:$K34,">0",L3:L34)} -> 1.7982262e+08 | M36: {=SUMIF($K3:$K34,">0",M3:M34)} -> 1.7972321e+08 | N36: {=SUMIF($K3:$K34,">0",N3:N34)} -> 1.7972321e+08
K37: {="PPN (C) = "&MAX(K3:K34)&"% x B"} -> PPN (C) = 11,00% x B | L37: {=L36*MAX($K3:$K34)%} -> 19780488 | M37: {=M36*MAX($K3:$K34)%} -> 19769553 | N37: {=N36*MAX($K3:$K34)%} -> 19769553
K38: Jumlah Total (D) = (A) + ( C ) | L38: {=L35+L37} -> 1.9999477e+08 | M38: {=M35+M37} -> 1.9988424e+08 | N38: {=N35+N37} -> 1.9988424e+08
K39: Jumlah Total dibulatkan (E) | L39: {=ROUNDDOWN(L38,2)} -> 1.9999477e+08 | M39: {=ROUNDDOWN(M38,2)} -> 1.9988424e+08 | N39: {=ROUNDDOWN(N38,-3)} -> 199884000

Sheet 49014701
A1: No. | B1: Uraian Pekerjaan | D1: Kuantitas | G1: Satuan | H1: Harga Satuan | K1: PAJAK | L1: JUMLAH
D2: HPS | E2: Penawaran | F2: Negoisasi | H2: HPS | I2: Penawaran | J2: Negoisasi | L2: HPS | M2: Penawaran | N2: Negoisasi
B3: PEKERJAAN PERSIAPAN | L3: {=IF(D3>0,IF($D3<=0,0,D3*H3),"")} | M3: {=IF(E3>0,IF($D3<=0,0,ROUND(E3*I3,2)),"")} | N3: {=IF(F3>0,IF($D3<=0,0,ROUND(F3*J3,2)),"")}
A4: 1 | B4: Pekerjaan Mobilisasi dan Demobilisasi | D4: 1 | E4: {=D4} -> 1 | F4: {=D4} -> 1 | G4: Ls | H4: 2450000 | I4: 2440000 | J4: 2440000 | K4: 11 | L4: {=IF(D4>0,IF($D4<=0,0,D4*H4),"")} -> 2450000 | M4: {=IF(E4>0,IF($D4<=0,0,ROUND(E4*I4,2)),"")} -> 2440000 | N4: {=IF(F4>0,IF($D4<=0,0,ROUND(F4*J4,2)),"")} -> 2440000
B5: PEKERJAAN STRUKTUR BETON | L5: {=IF(D5>0,IF($D5<=0,0,D5*H5),"")} | M5: {=IF(E5>0,IF($D5<=0,0,ROUND(E5*I5,2)),"")} | N5: {=IF(F5>0,IF($D5<=0,0,ROUND(F5*J5,2)),"")}
B6: Pekerjaan Kubus Beton | L6: {=IF(D6>0,IF($D6<=0,0,D6*H6),"")} | M6: {=IF(E6>0,IF($D6<=0,0,ROUND(E6*I6,2)),"")} | N6: {=IF(F6>0,IF($D6<=0,0,ROUND(F6*J6,2)),"")}
A7: 1 | B7: Penyusunan Kubus Beton | D7: 1 | E7: {=D7} -> 1 | F7: {=D7} -> 1 | G7: Ls | H7: 3500000 | I7: 3500000 | J7: 3500000 | K7: 11 | L7: {=IF(D7>0,IF($D7<=0,0,D7*H7),"")} -> 3500000 | M7: {=IF(E7>0,IF($D7<=0,0,ROUND(E7*I7,2)),"")} -> 3500000 | N7: {=IF(F7>0,IF($D7<=0,0,ROUND(F7*J7,2)),"")} -> 3500000
A8: 2 | B8: Beton mutu f’c = 21,7 Mpa | D8: 115 | E8: {=D8} -> 115 | F8: {=D8} -> 115 | G8: m3 | H8: 1272798.2 | I8: 1271849.4 | J8: 1271849.4 | K8: 11 | L8: {=IF(D8>0,IF($D8<=0,0,D8*H8),"")} -> 1.4637179e+08 | M8: {=IF(E8>0,IF($D8<=0,0,ROUND(E8*I8,2)),"")} -> 1.4626269e+08 | N8: {=IF(F8>0,IF($D8<=0,0,ROUND(F8*J8,2)),"")} -> 1.4626269e+08
A9: 3 | B9: Pemasangan bekisting | D9: 92 | E9: {=D9} -> 92 | F9: {=D9} -> 92 | G9: m2 | H9: 297818.38 | I9: 297438.88 | J9: 297438.88 | K9: 11 | L9: {=IF(D9>0,IF($D9<=0,0,D9*H9),"")} -> 27399291 | M9: {=IF(E9>0,IF($D9<=0,0,ROUND(E9*I9,2)),"")} -> 27364377 | N9: {=IF(F9>0,IF($D9<=0,0,ROUND(F9*J9,2)),"")} -> 27364377
B10: Biaya BPJS Ketenaga Kerjaan | L10: {=IF(D10>0,IF($D10<=0,0,D10*H10),"")}
A11: 1 | B11: JKK/JKM | D11: 1 | E11: {=D11} -> 1 | F11: {=D11} -> 1 | G11: LS | H11: 391470.06 | I11: 391177.42 | J11: 391177.42 | K11: 0 | L11: {=IF(D11>0,IF($D11<=0,0,D11*H11),"")} -> 391470.06 | M11: {=IF(E11>0,IF($D11<=0,0,ROUND(E11*I11,2)),"")} -> 391177.42 | N11: {=IF(F11>0,IF($D11<=0,0,ROUND(F11*J11,2)),"")} -> 391177.42
K28: Jumlah Total (A) | L28: {=SUM(L1:L27)} -> 1.8011255e+08 | M28: {=SUM(M1:M27)} -> 1.7995824e+08 | N28: {=SUM(N1:N27)} -> 1.7995824e+08
B29: HIT BPJS | D29: {=ROUND(IF(L29<=100000000,L29*0.24%,IF(AND(L29>100000000,L29<=500000000),100000000*0.24%+(L29-100000000)*0.19%,IF(AND(L29>500000000,L29<=1000000000),100000000*0.24%+400000000*0.19%+(L29-500000000)*0.15%,IF(AND(L29>1000000000,L29<=5000000000),100000000*0.24%+400000000*0.19%+500000000*0.15%+(L29-1000000000)*0.12%,IF(L29>5000000000,100000000*0.24%+400000000*0.19%+500000000*0.15%+4000000000*0.12%+(L29-5000000000)*0.1%,"Bingung komputer"))))),2)} -> 391470.06 | E29: {=ROUND(IF(M29<=100000000,M29*0.24%,IF(AND(M29>100000000,M29<=500000000),100000000*0.24%+(M29-100000000)*0.19%,IF(AND(M29>500000000,M29<=1000000000),100000000*0.24%+400000000*0.19%+(M29-500000000)*0.15%,IF(AND(M29>1000000000,M29<=5000000000),100000000*0.24%+400000000*0.19%+500000000*0.15%+(M29-1000000000)*0.12%,IF(M29>5000000000,100000000*0.24%+400000000*0.19%+500000000*0.15%+4000000000*0.12%+(M29-5000000000)*0.1%,"Bingung komputer"))))),2)} -> 391177.42 | F29: {=ROUND(IF(N29<=100000000,N29*0.24%,IF(AND(N29>100000000,N29<=500000000),100000000*0.24%+(N29-100000000)*0.19%,IF(AND(N29>500000000,N29<=1000000000),100000000*0.24%+400000000*0.19%+(N29-500000000)*0.15%,IF(AND(N29>1000000000,N29<=5000000000),100000000*0.24%+400000000*0.19%+500000000*0.15%+(N29-1000000000)*0.12%,IF(N29>5000000000,100000000*0.24%+400000000*0.19%+500000000*0.15%+4000000000*0.12%+(N29-5000000000)*0.1%,"Bingung komputer"))))),2)} -> 391177.42 | K29: {="Jumlah Terkena Pajak "&MAX(K3:K27)&"% (B)"} -> Jumlah Terkena Pajak 11,00% (B) | L29: {=SUMIF($K3:$K27,">0",L3:L27)} -> 1.7972108e+08 | M29: {=SUMIF($K3:$K27,">0",M3:M27)} -> 1.7956706e+08 | N29: {=SUMIF($K3:$K27,">0",N3:N27)} -> 1.7956706e+08
K30: {="PPN (C) = "&MAX(K3:K27)&"% x B"} -> PPN (C) = 11,00% x B | L30: {=L29*MAX($K3:$K27)%} -> 19769319 | M30: {=M29*MAX($K3:$K27)%} -> 19752377 | N30: {=N29*MAX($K3:$K27)%} -> 19752377
K31: Jumlah Total (D) = (A) + ( C ) | L31: {=L28+L30} -> 1.9988187e+08 | M31: {=M28+M30} -> 1.9971062e+08 | N31: {=N28+N30} -> 1.9971062e+08
K32: Jumlah Total dibulatkan (E) | L32: {=ROUNDDOWN(L31,2)} -> 1.9988187e+08 | M32: {=ROUNDDOWN(M31,2)} -> 1.9971062e+08 | N32: {=ROUNDDOWN(N31,-3)} -> 199710000

Sheet 49014897
A1: No. | B1: Uraian Pekerjaan | D1: Kuantitas | G1: Satuan | H1: Harga Satuan | K1: PAJAK | L1: JUMLAH
D2: HPS | E2: Penawaran | F2: Negoisasi | H2: HPS | I2: Penawaran | J2: Negoisasi | L2: HPS | M2: Penawaran | N2: Negoisasi
A3: A | B3: PEKERJAAN PERSIAPAN | L3: {=IF(D3>0,IF($D3<=0,0,D3*H3),"")} | M3: {=IF(E3>0,IF($D3<=0,0,ROUND(E3*I3,2)),"")} | N3: {=IF(F3>0,IF($D3<=0,0,ROUND(F3*J3,2)),"")}
A4: 1 | B4: Pekerjaan Mobilisasi dan Demobilisasi | D4: 1 | E4: {=D4} -> 1 | F4: {=D4} -> 1 | G4: Ls | H4: 8350000 | I4: 8340000 | J4: 8340000 | K4: 11 | L4: {=IF(D4>0,IF($D4<=0,0,D4*H4),"")} -> 8350000 | M4: {=IF(E4>0,IF($D4<=0,0,ROUND(E4*I4,2)),"")} -> 8340000 | N4: {=IF(F4>0,IF($D4<=0,0,ROUND(F4*J4,2)),"")} -> 8340000
A5: 1 | B5: Pemasangan Bouwplank | D5: 1 | E5: {=D5} -> 1 | F5: {=D5} -> 1 | G5: Ls | H5: 275000 | I5: 250000 | J5: 250000 | K5: 11 | L5: {=IF(D5>0,IF($D5<=0,0,D5*H5),"")} -> 275000 | M5: {=IF(E5>0,IF($D5<=0,0,ROUND(E5*I5,2)),"")} -> 250000 | N5: {=IF(F5>0,IF($D5<=0,0,ROUND(F5*J5,2)),"")} -> 250000
A6: B | B6: PEKERJAAN TANAH DAN PONDASI | L6: {=IF(D6>0,IF($D6<=0,0,D6*H6),"")} | M6: {=IF(E6>0,IF($D6<=0,0,ROUND(E6*I6,2)),"")} | N6: {=IF(F6>0,IF($D6<=0,0,ROUND(F6*J6,2)),"")}
B7: Pekerjaan Galain | L7: {=IF(D7>0,IF($D7<=0,0,D7*H7),"")} | M7: {=IF(E7>0,IF($D7<=0,0,ROUND(E7*I7,2)),"")} | N7: {=IF(F7>0,IF($D7<=0,0,ROUND(F7*J7,2)),"")}
A8: 1 | B8: Penggalian 1 m3 Tanah Biasa Sedalam 1 M | D8: 56.88 | E8: {=D8} -> 56.88 | F8: {=D8} -> 56.88 | G8: m3 | H8: 81075 | I8: 80816.25 | J8: 80816.25 | K8: 11 | L8: {=IF(D8>0,IF($D8<=0,0,D8*H8),"")} -> 4611546 | M8: {=IF(E8>0,IF($D8<=0,0,ROUND(E8*I8,2)),"")} -> 4596828.3 | N8: {=IF(F8>0,IF($D8<=0,0,ROUND(F8*J8,2)),"")} -> 4596828.3
A9: 2 | B9: Pengurugan kembali galian tanah | D9: 28.44 | E9: {=D9} -> 28.44 | F9: {=D9} -> 28.44 | G9: m3 | H9: 58650 | I9: 58477.5 | J9: 58477.5 | K9: 11 | L9: {=IF(D9>0,IF($D9<=0,0,D9*H9),"")} -> 1668006 | M9: {=IF(E9>0,IF($D9<=0,0,ROUND(E9*I9,2)),"")} -> 1663100.1 | N9: {=IF(F9>0,IF($D9<=0,0,ROUND(F9*J9,2)),"")} -> 1663100.1
A10: 3 | B10: Pengurugan dengan Tanah Pilihan | D10: 12 | E10: {=D10} -> 12 | F10: {=D10} -> 12 | G10: m3 | H10: 101430 | I10: 101326.5 | J10: 101326.5 | K10: 11 | L10: {=IF(D10>0,IF($D10<=0,0,D10*H10),"")} -> 1217160 | M10: {=IF(E10>0,IF($D10<=0,0,ROUND(E10*I10,2)),"")} -> 1215918 | N10: {=IF(F10>0,IF($D10<=0,0,ROUND(F10*J10,2)),"")} -> 1215918
A11: 3 | B11: Pemasangan pondasi batu belah campuran 1SP : 4PP | D11: 2.88 | E11: {=D11} -> 2.88 | F11: {=D11} -> 2.88 | G11: m3 | H11: 1004812.5 | I11: 1004295 | J11: 1004295 | K11: 11 | L11: {=IF(D11>0,IF($D11<=0,0,D11*H11),"")} -> 2893860 | M11: {=IF(E11>0,IF($D11<=0,0,ROUND(E11*I11,2)),"")} -> 2892369.6 | N11: {=IF(F11>0,IF($D11<=0,0,ROUND(F11*J11,2)),"")} -> 2892369.6
A12: C | B12: PEKERJAAN STRUKTUR BETON | L12: {=IF(D12>0,IF($D12<=0,0,D12*H12),"")} | M12: {=IF(E12>0,IF($D12<=0,0,ROUND(E12*I12,2)),"")} | N12: {=IF(F12>0,IF($D12<=0,0,ROUND(F12*J12,2)),"")}
B13: Pek Box Culvert 2 Mata | L13: {=IF(D13>0,IF($D13<=0,0,D13*H13),"")} | M13: {=IF(E13>0,IF($D13<=0,0,ROUND(E13*I13,2)),"")} | N13: {=IF(F13>0,IF($D13<=0,0,ROUND(F13*J13,2)),"")}
A14: 1 | B14: Pemasangan bekisting | D14: 124.35 | E14: {=D14} -> 124.35 | F14: {=D14} -> 124.35 | G14: m2 | H14: 297818.38 | I14: 297590.68 | J14: 297590.68 | K14: 11 | L14: {=IF(D14>0,IF($D14<=0,0,D14*H14),"")} -> 37033716 | M14: {=IF(E14>0,IF($D14<=0,0,ROUND(E14*I14,2)),"")} -> 37005401 | N14: {=IF(F14>0,IF($D14<=0,0,ROUND(F14*J14,2)),"")} -> 37005401
A15: 2 | B15: Pembesian dengan besi polos atau besi ulir | D15: 3929.05 | E15: {=D15} -> 3929.05 | F15: {=D15} -> 3929.05 | G15: Kg | H15: 17995.2 | I15: 17992.79 | J15: 17992.79 | K15: 11 | L15: {=IF(D15>0,IF($D15<=0,0,D15*H15),"")} -> 70704041 | M15: {=IF(E15>0,IF($D15<=0,0,ROUND(E15*I15,2)),"")} -> 70694572 | N15: {=IF(F15>0,IF($D15<=0,0,ROUND(F15*J15,2)),"")} -> 70694572
A16: 3 | B16: Beton mutu f’c = 21,7 Mpa | D16: 38.14 | E16: {=D16} -> 38.14 | F16: {=D16} -> 38.14 | G16: m3 | H16: 1272798.2 | I16: 1272228.9 | J16: 1272228.9 | K16: 11 | L16: {=IF(D16>0,IF($D16<=0,0,D16*H16),"")} -> 48544523 | M16: {=IF(E16>0,IF($D16<=0,0,ROUND(E16*I16,2)),"")} -> 48522812 | N16: {=IF(F16>0,IF($D16<=0,0,ROUND(F16*J16,2)),"")} -> 48522812
B17: Biaya BPJS Ketenaga Kerjaan | L17: {=IF(D17>0,IF($D17<=0,0,D17*H17),"")}
A18: 1 | B18: JKK/JKM | D18: 1 | E18: {=D18} -> 1 | F18: {=D18} -> 1 | G18: LS | H18: 383049.84 | I18: 382843.86 | J18: 382843.86 | K18: 0 | L18: {=IF(D18>0,IF($D18<=0,0,D18*H18),"")} -> 383049.84 | M18: {=IF(E18>0,IF($D18<=0,0,ROUND(E18*I18,2)),"")} -> 382843.86 | N18: {=IF(F18>0,IF($D18<=0,0,ROUND(F18*J18,2)),"")} -> 382843.86
K35: Jumlah Total (A) | L35: {=SUM(L1:L34)} -> 1.756809e+08 | M35: {=SUM(M1:M34)} -> 1.7556384e+08 | N35: {=SUM(N1:N34)} -> 1.7556384e+08
B36: HIT BPJS | D36: {=ROUND(IF(L36<=100000000,L36*0.24%,IF(AND(L36>100000000,L36<=500000000),100000000*0.24%+(L36-100000000)*0.19%,IF(AND(L36>500000000,L36<=1000000000),100000000*0.24%+400000000*0.19%+(L36-500000000)*0.15%,IF(AND(L36>1000000000,L36<=5000000000),100000000*0.24%+400000000*0.19%+500000000*0.15%+(L36-1000000000)*0.12%,IF(L36>5000000000,100000000*0.24%+400000000*0.19%+500000000*0.15%+4000000000*0.12%+(L36-5000000000)*0.1%,"Bingung komputer"))))),2)} -> 383065.92 | E36: {=ROUND(IF(M36<=100000000,M36*0.24%,IF(AND(M36>100000000,M36<=500000000),100000000*0.24%+(M36-100000000)*0.19%,IF(AND(M36>500000000,M36<=1000000000),100000000*0.24%+400000000*0.19%+(M36-500000000)*0.15%,IF(AND(M36>1000000000,M36<=5000000000),100000000*0.24%+400000000*0.19%+500000000*0.15%+(M36-1000000000)*0.12%,IF(M36>5000000000,100000000*0.24%+400000000*0.19%+500000000*0.15%+4000000000*0.12%+(M36-5000000000)*0.1%,"Bingung komputer"))))),2)} -> 382843.9 | F36: {=ROUND(IF(N36<=100000000,N36*0.24%,IF(AND(N36>100000000,N36<=500000000),100000000*0.24%+(N36-100000000)*0.19%,IF(AND(N36>500000000,N36<=1000000000),100000000*0.24%+400000000*0.19%+(N36-500000000)*0.15%,IF(AND(N36>1000000000,N36<=5000000000),100000000*0.24%+400000000*0.19%+500000000*0.15%+(N36-1000000000)*0.12%,IF(N36>5000000000,100000000*0.24%+400000000*0.19%+500000000*0.15%+4000000000*0.12%+(N36-5000000000)*0.1%,"Bingung komputer"))))),2)} -> 382843.9 | K36: {="Jumlah Terkena Pajak "&MAX(K3:K34)&"% (B)"} -> Jumlah Terkena Pajak 11,00% (B) | L36: {=SUMIF($K3:$K34,">0",L3:L34)} -> 1.7529785e+08 | M36: {=SUMIF($K3:$K34,">0",M3:M34)} -> 1.75181e+08 | N36: {=SUMIF($K3:$K34,">0",N3:N34)} -> 1.75181e+08
K37: {="PPN (C) = "&MAX(K3:K34)&"% x B"} -> PPN (C) = 11,00% x B | L37: {=L36*MAX($K3:$K34)%} -> 19282764 | M37: {=M36*MAX($K3:$K34)%} -> 19269910 | N37: {=N36*MAX($K3:$K34)%} -> 19269910
K38: Jumlah Total (D) = (A) + ( C ) | L38: {=L35+L37} -> 1.9496366e+08 | M38: {=M35+M37} -> 1.9483375e+08 | N38: {=N35+N37} -> 1.9483375e+08
K39: Jumlah Total dibulatkan (E) | L39: {=ROUNDDOWN(L38,2)} -> 1.9496366e+08 | M39: {=ROUNDDOWN(M38,2)} -> 1.9483375e+08 | N39: {=ROUNDDOWN(N38,-3)} -> 194833000

Sheet 49014944
A1: No. | B1: Uraian Pekerjaan | D1: Kuantitas | G1: Satuan | H1: Harga Satuan | K1: PAJAK | L1: JUMLAH
D2: HPS | E2: Penawaran | F2: Negoisasi | H2: HPS | I2: Penawaran | J2: Negoisasi | L2: HPS | M2: Penawaran | N2: Negoisasi
B3: DIVISI 1. UMUM | L3: {=IF(D3>0,IF($D3<=0,0,D3*H3),"")} | M3: {=IF(E3>0,IF($D3<=0,0,ROUND(E3*I3,2)),"")} | N3: {=IF(F3>0,IF($D3<=0,0,ROUND(F3*J3,2)),"")}
A4: 1.2 | B4: Mobilisasi | D4: 1 | E4: {=D4} -> 1 | F4: {=D4} -> 1 | G4: LS | H4: 4071000 | I4: 4048000 | J4: 4048000 | K4: 11 | L4: {=IF(D4>0,IF($D4<=0,0,D4*H4),"")} -> 4071000 | M4: {=IF(E4>0,IF($D4<=0,0,ROUND(E4*I4,2)),"")} -> 4048000 | N4: {=IF(F4>0,IF($D4<=0,0,ROUND(F4*J4,2)),"")} -> 4048000
A5: 1.8.(1) | B5: Manajemen dan Keselamatan Lalu Lintas | D5: 1 | E5: {=D5} -> 1 | F5: {=D5} -> 1 | G5: LS | H5: 330000 | I5: 310000 | J5: 310000 | K5: 11 | L5: {=IF(D5>0,IF($D5<=0,0,D5*H5),"")} -> 330000 | M5: {=IF(E5>0,IF($D5<=0,0,ROUND(E5*I5,2)),"")} -> 310000 | N5: {=IF(F5>0,IF($D5<=0,0,ROUND(F5*J5,2)),"")} -> 310000
A6: 1.19 | B6: Keselamatan dan Kesehatan Kerja | D6: 1 | E6: {=D6} -> 1 | F6: {=D6} -> 1 | G6: LS | H6: 3325000 | I6: 3305000 | J6: 3305000 | K6: 11 | L6: {=IF(D6>0,IF($D6<=0,0,D6*H6),"")} -> 3325000 | M6: {=IF(E6>0,IF($D6<=0,0,ROUND(E6*I6,2)),"")} -> 3305000 | N6: {=IF(F6>0,IF($D6<=0,0,ROUND(F6*J6,2)),"")} -> 3305000
B7: DIVISI 3. PEKERJAAN TANAH DAN GEOSINTETIK | L7: {=IF(D7>0,IF($D7<=0,0,D7*H7),"")} | M7: {=IF(E7>0,IF($D7<=0,0,ROUND(E7*I7,2)),"")} | N7: {=IF(F7>0,IF($D7<=0,0,ROUND(F7*J7,2)),"")}
A8: 3.1.(4) | B8: Galian Struktur dengan kedalaman 0 - 2 meter | D8: 114 | E8: {=D8} -> 114 | F8: {=D8} -> 114 | G8: M3 | H8: 29751.52 | I8: 29746.42 | J8: 29746.42 | K8: 11 | L8: {=IF(D8>0,IF($D8<=0,0,D8*H8),"")} -> 3391673.3 | M8: {=IF(E8>0,IF($D8<=0,0,ROUND(E8*I8,2)),"")} -> 3391091.9 | N8: {=IF(F8>0,IF($D8<=0,0,ROUND(F8*J8,2)),"")} -> 3391091.9
A9: 3.2.(1b) | B9: Timbunan pilihan dari sumber galian (Timbunan Oprit) | D9: 49.55 | E9: {=D9} -> 49.55 | F9: {=D9} -> 49.55 | G9: M3 | H9: 165854.35 | I9: 165853.97 | J9: 165853.97 | K9: 11 | L9: {=IF(D9>0,IF($D9<=0,0,D9*H9),"")} -> 8218083 | M9: {=IF(E9>0,IF($D9<=0,0,ROUND(E9*I9,2)),"")} -> 8218064.2 | N9: {=IF(F9>0,IF($D9<=0,0,ROUND(F9*J9,2)),"")} -> 8218064.2
B10: DIVISI 7. STRUKTUR | L10: {=IF(D10>0,IF($D10<=0,0,D10*H10),"")} | M10: {=IF(E10>0,IF($D10<=0,0,ROUND(E10*I10,2)),"")} | N10: {=IF(F10>0,IF($D10<=0,0,ROUND(F10*J10,2)),"")}
A11: 7.1 (7a) | B11: Beton strukur, fc’20 MPa | D11: 25.494 | E11: {=D11} -> 25.494 | F11: {=D11} -> 25.494 | G11: M3 | H11: 1855933.7 | I11: 1855775.4 | J11: 1855775.4 | K11: 11 | L11: {=IF(D11>0,IF($D11<=0,0,D11*H11),"")} -> 47315174 | M11: {=IF(E11>0,IF($D11<=0,0,ROUND(E11*I11,2)),"")} -> 47311137 | N11: {=IF(F11>0,IF($D11<=0,0,ROUND(F11*J11,2)),"")} -> 47311137
A12: 7.1 (10) | B12: Beton, fc’10 Mpa (Lantai Kerja) | D12: 2.15 | E12: {=D12} -> 2.15 | F12: {=D12} -> 2.15 | G12: M3 | H12: 1350091.2 | I12: 1350091.2 | J12: 1350091.2 | K12: 11 | L12: {=IF(D12>0,IF($D12<=0,0,D12*H12),"")} -> 2902696.2 | M12: {=IF(E12>0,IF($D12<=0,0,ROUND(E12*I12,2)),"")} -> 2902696.2 | N12: {=IF(F12>0,IF($D12<=0,0,ROUND(F12*J12,2)),"")} -> 2902696.2
A13: 7.3 (1) | B13: Baja Tulangan Polos-BjTP 280 | D13: 2450.197 | E13: {=D13} -> 2450.197 | F13: {=D13} -> 2450.197 | G13: Kg | H13: 24460.5 | I13: 24450.15 | J13: 24450.15 | K13: 11 | L13: {=IF(D13>0,IF($D13<=0,0,D13*H13),"")} -> 59933044 | M13: {=IF(E13>0,IF($D13<=0,0,ROUND(E13*I13,2)),"")} -> 59907684 | N13: {=IF(F13>0,IF($D13<=0,0,ROUND(F13*J13,2)),"")} -> 59907684
B14: DIVISI 9. PEKERJAAN HARIAN & PEKERJAAN LAIN-LAIN | L14: {=IF(D14>0,IF($D14<=0,0,D14*H14),"")} | M14: {=IF(E14>0,IF($D14<=0,0,ROUND(E14*I14,2)),"")} | N14: {=IF(F14>0,IF($D14<=0,0,ROUND(F14*J14,2)),"")}
A15: 9.1.(19) | B15: Pompa Air 70 - 100 mm | D15: 70 | E15: {=D15} -> 70 | F15: {=D15} -> 70 | G15: Jam | H15: 72459.99 | I15: 72459.99 | J15: 72459.99 | K15: 11 | L15: {=IF(D15>0,IF($D15<=0,0,D15*H15),"")} -> 5072199.3 | M15: {=IF(E15>0,IF($D15<=0,0,ROUND(E15*I15,2)),"")} -> 5072199.3 | N15: {=IF(F15>0,IF($D15<=0,0,ROUND(F15*J15,2)),"")} -> 5072199.3
B16: DIVISI 10. PEKERJAAN PEMELIHARAAN KINERJA | L16: {=IF(D16>0,IF($D16<=0,0,D16*H16),"")} | M16: {=IF(E16>0,IF($D16<=0,0,ROUND(E16*I16,2)),"")} | N16: {=IF(F16>0,IF($D16<=0,0,ROUND(F16*J16,2)),"")}
A17: 10.1.(17) | B17: Pengecatan Kereb pada Trotoar atau Median | D17: 3.12 | E17: {=D17} -> 3.12 | F17: {=D17} -> 3.12 | G17: M2 | H17: 58616.43 | I17: 58612.47 | J17: 58612.47 | K17: 11 | L17: {=IF(D17>0,IF($D17<=0,0,D17*H17),"")} -> 182883.26 | M17: {=IF(E17>0,IF($D17<=0,0,ROUND(E17*I17,2)),"")} -> 182870.91 | N17: {=IF(F17>0,IF($D17<=0,0,ROUND(F17*J17,2)),"")} -> 182870.91
B18: Biaya BPJS Ketenaga Kerjaan | L18: {=IF(D18>0,IF($D18<=0,0,D18*H18),"")}
A19: 1 | B19: JKK/JKM | D19: 1 | E19: {=D19} -> 1 | F19: {=D19} -> 1 | G19: LS | H19: 306007.57 | I19: 305830.85 | J19: 305830.85 | K19: 0 | L19: {=IF(D19>0,IF($D19<=0,0,D19*H19),"")} -> 306007.57 | M19: {=IF(E19>0,IF($D19<=0,0,ROUND(E19*I19,2)),"")} -> 305830.85 | N19: {=IF(F19>0,IF($D19<=0,0,ROUND(F19*J19,2)),"")} -> 305830.85
K36: Jumlah Total (A) | L36: {=SUM(L1:L35)} -> 1.3504776e+08 | M36: {=SUM(M1:M35)} -> 1.3495457e+08 | N36: {=SUM(N1:N35)} -> 1.3495457e+08
B37: HIT BPJS | D37: {=ROUND(IF(L37<=100000000,L37*0.24%,IF(AND(L37>100000000,L37<=500000000),100000000*0.24%+(L37-100000000)*0.19%,IF(AND(L37>500000000,L37<=1000000000),100000000*0.24%+400000000*0.19%+(L37-500000000)*0.15%,IF(AND(L37>1000000000,L37<=5000000000),100000000*0.24%+400000000*0.19%+500000000*0.15%+(L37-1000000000)*0.12%,IF(L37>5000000000,100000000*0.24%+400000000*0.19%+500000000*0.15%+4000000000*0.12%+(L37-5000000000)*0.1%,"Bingung komputer"))))),2)} -> 306009.33 | E37: {=ROUND(IF(M37<=100000000,M37*0.24%,IF(AND(M37>100000000,M37<=500000000),100000000*0.24%+(M37-100000000)*0.19%,IF(AND(M37>500000000,M37<=1000000000),100000000*0.24%+400000000*0.19%+(M37-500000000)*0.15%,IF(AND(M37>1000000000,M37<=5000000000),100000000*0.24%+400000000*0.19%+500000000*0.15%+(M37-1000000000)*0.12%,IF(M37>5000000000,100000000*0.24%+400000000*0.19%+500000000*0.15%+4000000000*0.12%+(M37-5000000000)*0.1%,"Bingung komputer"))))),2)} -> 305832.61 | F37: {=ROUND(IF(N37<=100000000,N37*0.24%,IF(AND(N37>100000000,N37<=500000000),100000000*0.24%+(N37-100000000)*0.19%,IF(AND(N37>500000000,N37<=1000000000),100000000*0.24%+400000000*0.19%+(N37-500000000)*0.15%,IF(AND(N37>1000000000,N37<=5000000000),100000000*0.24%+400000000*0.19%+500000000*0.15%+(N37-1000000000)*0.12%,IF(N37>5000000000,100000000*0.24%+400000000*0.19%+500000000*0.15%+4000000000*0.12%+(N37-5000000000)*0.1%,"Bingung komputer"))))),2)} -> 305832.61 | K37: {="Jumlah Terkena Pajak "&MAX(K3:K35)&"% (B)"} -> Jumlah Terkena Pajak 11,00% (B) | L37: {=SUMIF($K3:$K35,">0",L3:L35)} -> 1.3474175e+08 | M37: {=SUMIF($K3:$K35,">0",M3:M35)} -> 1.3464874e+08 | N37: {=SUMIF($K3:$K35,">0",N3:N35)} -> 1.3464874e+08
K38: {="PPN (C) = "&MAX(K3:K35)&"% x B"} -> PPN (C) = 11,00% x B | L38: {=L37*MAX($K3:$K35)%} -> 14821593 | M38: {=M37*MAX($K3:$K35)%} -> 14811362 | N38: {=N37*MAX($K3:$K35)%} -> 14811362
K39: Jumlah Total (D) = (A) + ( C ) | L39: {=L36+L38} -> 1.4986935e+08 | M39: {=M36+M38} -> 1.4976594e+08 | N39: {=N36+N38} -> 1.4976594e+08
K40: Jumlah Total dibulatkan (E) | L40: {=ROUNDDOWN(L39,2)} -> 1.4986935e+08 | M40: {=ROUNDDOWN(M39,2)} -> 1.4976594e+08 | N40: {=ROUNDDOWN(N39,-3)} -> 149765000

Sheet 49014993
A1: No. | B1: Uraian Pekerjaan | D1: Kuantitas | G1: Satuan | H1: Harga Satuan | K1: PAJAK | L1: JUMLAH
D2: HPS | E2: Penawaran | F2: Negoisasi | H2: HPS | I2: Penawaran | J2: Negoisasi | L2: HPS | M2: Penawaran | N2: Negoisasi
B3: DIVISI 1. UMUM | L3: {=IF(D3>0,IF($D3<=0,0,D3*H3),"")} | M3: {=IF(E3>0,IF($D3<=0,0,ROUND(E3*I3,2)),"")} | N3: {=IF(F3>0,IF($D3<=0,0,ROUND(F3*J3,2)),"")}
A4: 1.2 | B4: Mobilisasi | D4: 1 | E4: {=D4} -> 1 | F4: {=D4} -> 1 | G4: LS | H4: 4071000 | I4: 4048000 | J4: 4048000 | K4: 11 | L4: {=IF(D4>0,IF($D4<=0,0,D4*H4),"")} -> 4071000 | M4: {=IF(E4>0,IF($D4<=0,0,ROUND(E4*I4,2)),"")} -> 4048000 | N4: {=IF(F4>0,IF($D4<=0,0,ROUND(F4*J4,2)),"")} -> 4048000
A5: 1.8.(1) | B5: Manajemen dan Keselamatan Lalu Lintas | D5: 1 | E5: {=D5} -> 1 | F5: {=D5} -> 1 | G5: LS | H5: 330000 | I5: 280000 | J5: 280000 | K5: 11 | L5: {=IF(D5>0,IF($D5<=0,0,D5*H5),"")} -> 330000 | M5: {=IF(E5>0,IF($D5<=0,0,ROUND(E5*I5,2)),"")} -> 280000 | N5: {=IF(F5>0,IF($D5<=0,0,ROUND(F5*J5,2)),"")} -> 280000
A6: 1.19 | B6: Keselamatan dan Kesehatan Kerja | D6: 1 | E6: {=D6} -> 1 | F6: {=D6} -> 1 | G6: LS | H6: 3325000 | I6: 3295000 | J6: 3295000 | K6: 11 | L6: {=IF(D6>0,IF($D6<=0,0,D6*H6),"")} -> 3325000 | M6: {=IF(E6>0,IF($D6<=0,0,ROUND(E6*I6,2)),"")} -> 3295000 | N6: {=IF(F6>0,IF($D6<=0,0,ROUND(F6*J6,2)),"")} -> 3295000
B7: DIVISI 3. PEKERJAAN TANAH DAN GEOSINTETIK | L7: {=IF(D7>0,IF($D7<=0,0,D7*H7),"")} | M7: {=IF(E7>0,IF($D7<=0,0,ROUND(E7*I5,2)),"")} | N7: {=IF(F7>0,IF($D7<=0,0,ROUND(F7*J7,2)),"")}
A8: 3.1.(4) | B8: Galian Struktur dengan kedalaman 0 - 2 meter | D8: 114 | E8: {=D8} -> 114 | F8: {=D8} -> 114 | G8: M3 | H8: 29751.52 | I8: 29742.58 | J8: 29742.58 | K8: 11 | L8: {=IF(D8>0,IF($D8<=0,0,D8*H8),"")} -> 3391673.3 | M8: {=IF(E8>0,IF($D8<=0,0,ROUND(E8*I8,2)),"")} -> 3390654.1 | N8: {=IF(F8>0,IF($D8<=0,0,ROUND(F8*J8,2)),"")} -> 3390654.1
A9: 3.2.(1b) | B9: Timbunan pilihan dari sumber galian (Timbunan Oprit) | D9: 49.55 | E9: {=D9} -> 49.55 | F9: {=D9} -> 49.55 | G9: M3 | H9: 165854.35 | I9: 165853.69 | J9: 165853.69 | K9: 11 | L9: {=IF(D9>0,IF($D9<=0,0,D9*H9),"")} -> 8218083 | M9: {=IF(E9>0,IF($D9<=0,0,ROUND(E9*I9,2)),"")} -> 8218050.3 | N9: {=IF(F9>0,IF($D9<=0,0,ROUND(F9*J9,2)),"")} -> 8218050.3
B10: DIVISI 7. STRUKTUR | L10: {=IF(D10>0,IF($D10<=0,0,D10*H10),"")} | M10: {=IF(E10>0,IF($D10<=0,0,ROUND(E10*I6,2)),"")} | N10: {=IF(F10>0,IF($D10<=0,0,ROUND(F10*J10,2)),"")}
A11: 7.1 (7a) | B11: Beton strukur, fc’20 MPa | D11: 25.494 | E11: {=D11} -> 25.494 | F11: {=D11} -> 25.494 | G11: M3 | H11: 1855933.7 | I11: 1855656.6 | J11: 1855656.6 | K11: 11 | L11: {=IF(D11>0,IF($D11<=0,0,D11*H11),"")} -> 47315174 | M11: {=IF(E11>0,IF($D11<=0,0,ROUND(E11*I11,2)),"")} -> 47308109 | N11: {=IF(F11>0,IF($D11<=0,0,ROUND(F11*J11,2)),"")} -> 47308109
A12: 7.1 (10) | B12: Beton, fc’10 Mpa (Lantai Kerja) | D12: 2.15 | E12: {=D12} -> 2.15 | F12: {=D12} -> 2.15 | G12: M3 | H12: 1350091.2 | I12: 1350091.2 | J12: 1350091.2 | K12: 11 | L12: {=IF(D12>0,IF($D12<=0,0,D12*H12),"")} -> 2902696.2 | M12: {=IF(E12>0,IF($D12<=0,0,ROUND(E12*I12,2)),"")} -> 2902696.2 | N12: {=IF(F12>0,IF($D12<=0,0,ROUND(F12*J12,2)),"")} -> 2902696.2
A13: 7.3 (1) | B13: Baja Tulangan Polos-BjTP 280 | D13: 2450.197 | E13: {=D13} -> 2450.197 | F13: {=D13} -> 2450.197 | G13: Kg | H13: 24460.5 | I13: 24442.39 | J13: 24442.39 | K13: 11 | L13: {=IF(D13>0,IF($D13<=0,0,D13*H13),"")} -> 59933044 | M13: {=IF(E13>0,IF($D13<=0,0,ROUND(E13*I13,2)),"")} -> 59888671 | N13: {=IF(F13>0,IF($D13<=0,0,ROUND(F13*J13,2)),"")} -> 59888671
B14: DIVISI 9. PEKERJAAN HARIAN & PEKERJAAN LAIN-LAIN | L14: {=IF(D14>0,IF($D14<=0,0,D14*H14),"")} | M14: {=IF(E14>0,IF($D14<=0,0,ROUND(E14*I14,2)),"")} | N14: {=IF(F14>0,IF($D14<=0,0,ROUND(F14*J14,2)),"")}
A15: 9.1.(19) | B15: Pompa Air 70 - 100 mm | D15: 70 | E15: {=D15} -> 70 | F15: {=D15} -> 70 | G15: Jam | H15: 72459.99 | I15: 72459.99 | J15: 72459.99 | K15: 11 | L15: {=IF(D15>0,IF($D15<=0,0,D15*H15),"")} -> 5072199.3 | M15: {=IF(E15>0,IF($D15<=0,0,ROUND(E15*I15,2)),"")} -> 5072199.3 | N15: {=IF(F15>0,IF($D15<=0,0,ROUND(F15*J15,2)),"")} -> 5072199.3
B16: DIVISI 10. PEKERJAAN PEMELIHARAAN KINERJA | L16: {=IF(D16>0,IF($D16<=0,0,D16*H16),"")} | M16: {=IF(E16>0,IF($D16<=0,0,ROUND(E16*I16,2)),"")} | N16: {=IF(F16>0,IF($D16<=0,0,ROUND(F16*J16,2)),"")}
A17: 10.1.(17) | B17: Pengecatan Kereb pada Trotoar atau Median | D17: 3.12 | E17: {=D17} -> 3.12 | F17: {=D17} -> 3.12 | G17: M2 | H17: 58616.43 | I17: 58609.5 | J17: 58609.5 | K17: 11 | L17: {=IF(D17>0,IF($D17<=0,0,D17*H17),"")} -> 182883.26 | M17: {=IF(E17>0,IF($D17<=0,0,ROUND(E17*I17,2)),"")} -> 182861.64 | N17: {=IF(F17>0,IF($D17<=0,0,ROUND(F17*J17,2)),"")} -> 182861.64
B18: Biaya BPJS Ketenaga Kerjaan | L18: {=IF(D18>0,IF($D18<=0,0,D18*H18),"")}
A19: 1 | B19: JKK/JKM | D19: 1 | E19: {=D19} -> 1 | F19: {=D19} -> 1 | G19: LS | H19: 306007.57 | I19: 305712.09 | J19: 305712.09 | K19: 0 | L19: {=IF(D19>0,IF($D19<=0,0,D19*H19),"")} -> 306007.57 | M19: {=IF(E19>0,IF($D19<=0,0,ROUND(E19*I19,2)),"")} -> 305712.09 | N19: {=IF(F19>0,IF($D19<=0,0,ROUND(F19*J19,2)),"")} -> 305712.09
K36: Jumlah Total (A) | L36: {=SUM(L1:L35)} -> 1.3504776e+08 | M36: {=SUM(M1:M35)} -> 1.3489195e+08 | N36: {=SUM(N1:N35)} -> 1.3489195e+08
B37: HIT BPJS | D37: {=ROUND(IF(L37<=100000000,L37*0.24%,IF(AND(L37>100000000,L37<=500000000),100000000*0.24%+(L37-100000000)*0.19%,IF(AND(L37>500000000,L37<=1000000000),100000000*0.24%+400000000*0.19%+(L37-500000000)*0.15%,IF(AND(L37>1000000000,L37<=5000000000),100000000*0.24%+400000000*0.19%+500000000*0.15%+(L37-1000000000)*0.12%,IF(L37>5000000000,100000000*0.24%+400000000*0.19%+500000000*0.15%+4000000000*0.12%+(L37-5000000000)*0.1%,"Bingung komputer"))))),2)} -> 306009.33 | E37: {=ROUND(IF(M37<=100000000,M37*0.24%,IF(AND(M37>100000000,M37<=500000000),100000000*0.24%+(M37-100000000)*0.19%,IF(AND(M37>500000000,M37<=1000000000),100000000*0.24%+400000000*0.19%+(M37-500000000)*0.15%,IF(AND(M37>1000000000,M37<=5000000000),100000000*0.24%+400000000*0.19%+500000000*0.15%+(M37-1000000000)*0.12%,IF(M37>5000000000,100000000*0.24%+400000000*0.19%+500000000*0.15%+4000000000*0.12%+(M37-5000000000)*0.1%,"Bingung komputer"))))),2)} -> 305713.86 | F37: {=ROUND(IF(N37<=100000000,N37*0.24%,IF(AND(N37>100000000,N37<=500000000),100000000*0.24%+(N37-100000000)*0.19%,IF(AND(N37>500000000,N37<=1000000000),100000000*0.24%+400000000*0.19%+(N37-500000000)*0.15%,IF(AND(N37>1000000000,N37<=5000000000),100000000*0.24%+400000000*0.19%+500000000*0.15%+(N37-1000000000)*0.12%,IF(N37>5000000000,100000000*0.24%+400000000*0.19%+500000000*0.15%+4000000000*0.12%+(N37-5000000000)*0.1%,"Bingung komputer"))))),2)} -> 305713.86 | K37: {="Jumlah Terkena Pajak "&MAX(K3:K35)&"% (B)"} -> Jumlah Terkena Pajak 11,00% (B) | L37: {=SUMIF($K3:$K35,">0",L3:L35)} -> 1.3474175e+08 | M37: {=SUMIF($K3:$K35,">0",M3:M35)} -> 1.3458624e+08 | N37: {=SUMIF($K3:$K35,">0",N3:N35)} -> 1.3458624e+08
K38: {="PPN (C) = "&MAX(K3:K35)&"% x B"} -> PPN (C) = 11,00% x B | L38: {=L37*MAX($K3:$K35)%} -> 14821593 | M38: {=M37*MAX($K3:$K35)%} -> 14804487 | N38: {=N37*MAX($K3:$K35)%} -> 14804487
K39: Jumlah Total (D) = (A) + ( C ) | L39: {=L36+L38} -> 1.4986935e+08 | M39: {=M36+M38} -> 1.4969644e+08 | N39: {=N36+N38} -> 1.4969644e+08
K40: Jumlah Total dibulatkan (E) | L40: {=ROUNDDOWN(L39,2)} -> 1.4986935e+08 | M40: {=ROUNDDOWN(M39,2)} -> 1.4969644e+08 | N40: {=ROUNDDOWN(N39,-3)} -> 149696000

Sheet 49015008
A1: No. | B1: Uraian Pekerjaan | D1: Kuantitas | G1: Satuan | H1: Harga Satuan | K1: PAJAK | L1: JUMLAH
D2: HPS | E2: Penawaran | F2: Negoisasi | H2: HPS | I2: Penawaran | J2: Negoisasi | L2: HPS | M2: Penawaran | N2: Negoisasi
B3: DIVISI 1. UMUM | L3: {=IF(D3>0,IF($D3<=0,0,D3*H3),"")} | M3: {=IF(E3>0,IF($D3<=0,0,ROUND(E3*I3,2)),"")} | N3: {=IF(F3>0,IF($D3<=0,0,ROUND(F3*J3,2)),"")}
A4: 1.2 | B4: Mobilisasi | D4: 1 | E4: {=D4} -> 1 | F4: {=D4} -> 1 | G4: LS | H4: 4071000 | I4: 4013500 | J4: 4013500 | K4: 11 | L4: {=IF(D4>0,IF($D4<=0,0,D4*H4),"")} -> 4071000 | M4: {=IF(E4>0,IF($D4<=0,0,ROUND(E4*I4,2)),"")} -> 4013500 | N4: {=IF(F4>0,IF($D4<=0,0,ROUND(F4*J4,2)),"")} -> 4013500
A5: 1.8.(1) | B5: Manajemen dan Keselamatan Lalu Lintas | D5: 1 | E5: {=D5} -> 1 | F5: {=D5} -> 1 | G5: LS | H5: 330000 | I5: 300000 | J5: 300000 | K5: 11 | L5: {=IF(D5>0,IF($D5<=0,0,D5*H5),"")} -> 330000 | M5: {=IF(E5>0,IF($D5<=0,0,ROUND(E5*I5,2)),"")} -> 300000 | N5: {=IF(F5>0,IF($D5<=0,0,ROUND(F5*J5,2)),"")} -> 300000
A6: 1.19 | B6: Keselamatan dan Kesehatan Kerja | D6: 1 | E6: {=D6} -> 1 | F6: {=D6} -> 1 | G6: LS | H6: 3325000 | I6: 3305000 | J6: 3305000 | K6: 11 | L6: {=IF(D6>0,IF($D6<=0,0,D6*H6),"")} -> 3325000 | M6: {=IF(E6>0,IF($D6<=0,0,ROUND(E6*I6,2)),"")} -> 3305000 | N6: {=IF(F6>0,IF($D6<=0,0,ROUND(F6*J6,2)),"")} -> 3305000
B7: DIVISI 3. PEKERJAAN TANAH DAN GEOSINTETIK | L7: {=IF(D7>0,IF($D7<=0,0,D7*H7),"")} | M7: {=IF(E7>0,IF($D7<=0,0,ROUND(E7*I5,2)),"")} | N7: {=IF(F7>0,IF($D7<=0,0,ROUND(F7*J7,2)),"")}
A8: 3.1.(4) | B8: Galian Struktur dengan kedalaman 0 - 2 meter | D8: 114 | E8: {=D8} -> 114 | F8: {=D8} -> 114 | G8: M3 | H8: 29049.17 | I8: 29040.24 | J8: 29040.24 | K8: 11 | L8: {=IF(D8>0,IF($D8<=0,0,D8*H8),"")} -> 3311605.4 | M8: {=IF(E8>0,IF($D8<=0,0,ROUND(E8*I8,2)),"")} -> 3310587.4 | N8: {=IF(F8>0,IF($D8<=0,0,ROUND(F8*J8,2)),"")} -> 3310587.4
A9: 3.2.(1b) | B9: Timbunan pilihan dari sumber galian (Timbunan Oprit) | D9: 247 | E9: {=D9} -> 247 | F9: {=D9} -> 247 | G9: M3 | H9: 146551.51 | I9: 146550.85 | J9: 146550.85 | K9: 11 | L9: {=IF(D9>0,IF($D9<=0,0,D9*H9),"")} -> 36198223 | M9: {=IF(E9>0,IF($D9<=0,0,ROUND(E9*I9,2)),"")} -> 36198060 | N9: {=IF(F9>0,IF($D9<=0,0,ROUND(F9*J9,2)),"")} -> 36198060
B10: DIVISI 7. STRUKTUR | L10: {=IF(D10>0,IF($D10<=0,0,D10*H10),"")} | M10: {=IF(E10>0,IF($D10<=0,0,ROUND(E10*I6,2)),"")} | N10: {=IF(F10>0,IF($D10<=0,0,ROUND(F10*J10,2)),"")}
A11: 7.1 (7a) | B11: Beton strukur, fc’20 MPa | D11: 25.494 | E11: {=D11} -> 25.494 | F11: {=D11} -> 25.494 | G11: M3 | H11: 1296656.3 | I11: 1296379.2 | J11: 1296379.2 | K11: 11 | L11: {=IF(D11>0,IF($D11<=0,0,D11*H11),"")} -> 33056955 | M11: {=IF(E11>0,IF($D11<=0,0,ROUND(E11*I11,2)),"")} -> 33049890 | N11: {=IF(F11>0,IF($D11<=0,0,ROUND(F11*J11,2)),"")} -> 33049890
A12: 7.1 (10) | B12: Beton, fc’10 Mpa (Lantai Kerja) | D12: 2.15 | E12: {=D12} -> 2.15 | F12: {=D12} -> 2.15 | G12: M3 | H12: 965230.39 | I12: 965230.39 | J12: 965230.39 | K12: 11 | L12: {=IF(D12>0,IF($D12<=0,0,D12*H12),"")} -> 2075245.3 | M12: {=IF(E12>0,IF($D12<=0,0,ROUND(E12*I12,2)),"")} -> 2075245.3 | N12: {=IF(F12>0,IF($D12<=0,0,ROUND(F12*J12,2)),"")} -> 2075245.3
A13: 7.3 (1) | B13: Baja Tulangan Polos-BjTP 280 | D13: 2450.197 | E13: {=D13} -> 2450.197 | F13: {=D13} -> 2450.197 | G13: Kg | H13: 19187.75 | I13: 19169.64 | J13: 19169.64 | K13: 11 | L13: {=IF(D13>0,IF($D13<=0,0,D13*H13),"")} -> 47013767 | M13: {=IF(E13>0,IF($D13<=0,0,ROUND(E13*I13,2)),"")} -> 46969394 | N13: {=IF(F13>0,IF($D13<=0,0,ROUND(F13*J13,2)),"")} -> 46969394
B14: DIVISI 9. PEKERJAAN HARIAN & PEKERJAAN LAIN-LAIN | L14: {=IF(D14>0,IF($D14<=0,0,D14*H14),"")} | M14: {=IF(E14>0,IF($D14<=0,0,ROUND(E14*I14,2)),"")} | N14: {=IF(F14>0,IF($D14<=0,0,ROUND(F14*J14,2)),"")}
A15: 9.1.(19) | B15: Pompa Air 70 - 100 mm | D15: 70 | E15: {=D15} -> 70 | F15: {=D15} -> 70 | G15: Jam | H15: 72459.99 | I15: 72459.99 | J15: 72459.99 | K15: 11 | L15: {=IF(D15>0,IF($D15<=0,0,D15*H15),"")} -> 5072199.3 | M15: {=IF(E15>0,IF($D15<=0,0,ROUND(E15*I15,2)),"")} -> 5072199.3 | N15: {=IF(F15>0,IF($D15<=0,0,ROUND(F15*J15,2)),"")} -> 5072199.3
B16: DIVISI 10. PEKERJAAN PEMELIHARAAN KINERJA | L16: {=IF(D16>0,IF($D16<=0,0,D16*H16),"")} | M16: {=IF(E16>0,IF($D16<=0,0,ROUND(E16*I16,2)),"")} | N16: {=IF(F16>0,IF($D16<=0,0,ROUND(F16*J16,2)),"")}
A17: 10.1.(17) | B17: Pengecatan Kereb pada Trotoar atau Median | D17: 3.12 | E17: {=D17} -> 3.12 | F17: {=D17} -> 3.12 | G17: M2 | H17: 57824.69 | I17: 57817.76 | J17: 57817.76 | K17: 11 | L17: {=IF(D17>0,IF($D17<=0,0,D17*H17),"")} -> 180413.03 | M17: {=IF(E17>0,IF($D17<=0,0,ROUND(E17*I17,2)),"")} -> 180391.41 | N17: {=IF(F17>0,IF($D17<=0,0,ROUND(F17*J17,2)),"")} -> 180391.41
B18: Biaya BPJS Ketenaga Kerjaan | L18: {=IF(D18>0,IF($D18<=0,0,D18*H18),"")}
A19: 1 | B19: JKK/JKM | D19: 1 | E19: {=D19} -> 1 | F19: {=D19} -> 1 | G19: LS | H19: 305804.14 | I19: 305499.86 | J19: 305499.86 | K19: 0 | L19: {=IF(D19>0,IF($D19<=0,0,D19*H19),"")} -> 305804.14 | M19: {=IF(E19>0,IF($D19<=0,0,ROUND(E19*I19,2)),"")} -> 305499.86 | N19: {=IF(F19>0,IF($D19<=0,0,ROUND(F19*J19,2)),"")} -> 305499.86
K36: Jumlah Total (A) | L36: {=SUM(L1:L35)} -> 1.3494021e+08 | M36: {=SUM(M1:M35)} -> 1.3477977e+08 | N36: {=SUM(N1:N35)} -> 1.3477977e+08
B37: HIT BPJS | D37: {=ROUND(IF(L37<=100000000,L37*0.24%,IF(AND(L37>100000000,L37<=500000000),100000000*0.24%+(L37-100000000)*0.19%,IF(AND(L37>500000000,L37<=1000000000),100000000*0.24%+400000000*0.19%+(L37-500000000)*0.15%,IF(AND(L37>1000000000,L37<=5000000000),100000000*0.24%+400000000*0.19%+500000000*0.15%+(L37-1000000000)*0.12%,IF(L37>5000000000,100000000*0.24%+400000000*0.19%+500000000*0.15%+4000000000*0.12%+(L37-5000000000)*0.1%,"Bingung komputer"))))),2)} -> 305805.38 | E37: {=ROUND(IF(M37<=100000000,M37*0.24%,IF(AND(M37>100000000,M37<=500000000),100000000*0.24%+(M37-100000000)*0.19%,IF(AND(M37>500000000,M37<=1000000000),100000000*0.24%+400000000*0.19%+(M37-500000000)*0.15%,IF(AND(M37>1000000000,M37<=5000000000),100000000*0.24%+400000000*0.19%+500000000*0.15%+(M37-1000000000)*0.12%,IF(M37>5000000000,100000000*0.24%+400000000*0.19%+500000000*0.15%+4000000000*0.12%+(M37-5000000000)*0.1%,"Bingung komputer"))))),2)} -> 305501.11 | F37: {=ROUND(IF(N37<=100000000,N37*0.24%,IF(AND(N37>100000000,N37<=500000000),100000000*0.24%+(N37-100000000)*0.19%,IF(AND(N37>500000000,N37<=1000000000),100000000*0.24%+400000000*0.19%+(N37-500000000)*0.15%,IF(AND(N37>1000000000,N37<=5000000000),100000000*0.24%+400000000*0.19%+500000000*0.15%+(N37-1000000000)*0.12%,IF(N37>5000000000,100000000*0.24%+400000000*0.19%+500000000*0.15%+4000000000*0.12%+(N37-5000000000)*0.1%,"Bingung komputer"))))),2)} -> 305501.11 | K37: {="Jumlah Terkena Pajak "&MAX(K3:K35)&"% (B)"} -> Jumlah Terkena Pajak 11,00% (B) | L37: {=SUMIF($K3:$K35,">0",L3:L35)} -> 1.3463441e+08 | M37: {=SUMIF($K3:$K35,">0",M3:M35)} -> 1.3447427e+08 | N37: {=SUMIF($K3:$K35,">0",N3:N35)} -> 1.3447427e+08
K38: {="PPN (C) = "&MAX(K3:K35)&"% x B"} -> PPN (C) = 11,00% x B | L38: {=L37*MAX($K3:$K35)%} -> 14809785 | M38: {=M37*MAX($K3:$K35)%} -> 14792169 | N38: {=N37*MAX($K3:$K35)%} -> 14792169
K39: Jumlah Total (D) = (A) + ( C ) | L39: {=L36+L38} -> 1.4975e+08 | M39: {=M36+M38} -> 1.4957194e+08 | N39: {=N36+N38} -> 1.4957194e+08
K40: Jumlah Total dibulatkan (E) | L40: {=ROUNDDOWN(L39,2)} -> 1.4975e+08 | M40: {=ROUNDDOWN(M39,2)} -> 1.4957194e+08 | N40: {=ROUNDDOWN(N39,-3)} -> 149571000

Sheet 49012327 - Tabel 1
A1: No. | B1: Uraian Pekerjaan | D1: Kuantitas | G1: Satuan | H1: Harga Satuan | K1: PAJAK | L1: JUMLAH
D2: HPS | E2: Penawaran | F2: Negoisasi | H2: HPS | I2: Penawaran | J2: Negoisasi | L2: HPS | M2: Penawaran | N2: Negoisasi
B3: DIVISI 1. UMUM | L3: {=IF(D3>0,IF($D3<=0,0,D3*H3),"")} | M3: {=IF(E3>0,IF($D3<=0,0,ROUND(E3*I3,2)),"")} | N3: {=IF(F3>0,IF($D3<=0,0,ROUND(F3*J3,2)),"")}
A4: 1.2 | B4: Mobilisasi | D4: 1 | E4: {=D4} -> 1 | F4: {=D4} -> 1 | G4: LS | H4: 27750000 | I4: 27150000 | J4: 27150000 | K4: 11 | L4: {=IF(D4>0,IF($D4<=0,0,D4*H4),"")} -> 27750000 | M4: {=IF(E4>0,IF($D4<=0,0,ROUND(E4*I4,2)),"")} -> 27150000 | N4: {=IF(F4>0,IF($D4<=0,0,ROUND(F4*J4,2)),"")} -> 27150000
B5: DIVISI 3. PEKERJAAN TANAH | L5: {=IF(D5>0,IF($D5<=0,0,D5*H5),"")} | M5: {=IF(E5>0,IF($D5<=0,0,ROUND(E5*I5,2)),"")} | N5: {=IF(F5>0,IF($D5<=0,0,ROUND(F5*J5,2)),"")}
A6: 3.1.(1a) | B6: Galian Biasa (Cuttingan) | D6: 1196 | E6: {=D6} -> 1196 | F6: {=D6} -> 1196 | G6: M3 | H6: 35993.51 | I6: 35993.51 | J6: 35993.51 | K6: 11 | L6: {=IF(D6>0,IF($D6<=0,0,D6*H6),"")} -> 43048238 | M6: {=IF(E6>0,IF($D6<=0,0,ROUND(E6*I6,2)),"")} -> 43048238 | N6: {=IF(F6>0,IF($D6<=0,0,ROUND(F6*J6,2)),"")} -> 43048238
A7: 3.2.(1a) | B7: Timbunan Biasa dari sumber galian | D7: 472 | E7: {=D7} -> 472 | F7: {=D7} -> 472 | G7: M3 | H7: 210664.02 | I7: 210664.02 | J7: 210664.02 | K7: 11 | L7: {=IF(D7>0,IF($D7<=0,0,D7*H7),"")} -> 99433417 | M7: {=IF(E7>0,IF($D7<=0,0,ROUND(E7*I7,2)),"")} -> 99433417 | N7: {=IF(F7>0,IF($D7<=0,0,ROUND(F7*J7,2)),"")} -> 99433417
A8: 3.3.(1) | B8: Penyiapan Badan Jalan | D8: 2655 | E8: {=D8} -> 2655 | F8: {=D8} -> 2655 | G8: M2 | H8: 1817.45 | I8: 1817.45 | J8: 1817.45 | K8: 11 | L8: {=IF(D8>0,IF($D8<=0,0,D8*H8),"")} -> 4825329.8 | M8: {=IF(E8>0,IF($D8<=0,0,ROUND(E8*I8,2)),"")} -> 4825329.8 | N8: {=IF(F8>0,IF($D8<=0,0,ROUND(F8*J8,2)),"")} -> 4825329.8
B9: Biaya BPJS Ketenaga Kerjaan | L9: {=IF(D9>0,IF($D9<=0,0,D9*H10),"")}
A10: 1 | B10: JKK/JKM | D10: 1 | E10: {=D10} -> 1 | F10: {=D10} -> 1 | G10: LS | H10: 382608 | I10: 381468 | J10: 381468 | K10: 0 | L10: {=IF(D10>0,IF($D10<=0,0,D10*H10),"")} -> 382608 | M10: {=IF(E10>0,IF($D10<=0,0,ROUND(E10*I10,2)),"")} -> 381468 | N10: {=IF(F10>0,IF($D10<=0,0,ROUND(F10*J10,2)),"")} -> 381468
K27: Jumlah Total (A) | L27: {=SUM(L1:L26)} -> 1.7543959e+08 | M27: {=SUM(M1:M26)} -> 1.7483845e+08 | N27: {=SUM(N1:N26)} -> 1.7483845e+08
B28: HIT BPJS | D28: {=ROUND(IF(L28<=100000000,L28*0.24%,IF(AND(L28>100000000,L28<=500000000),100000000*0.24%+(L28-100000000)*0.19%,IF(AND(L28>500000000,L28<=1000000000),100000000*0.24%+400000000*0.19%+(L28-500000000)*0.15%,IF(AND(L28>1000000000,L28<=5000000000),100000000*0.24%+400000000*0.19%+500000000*0.15%+(L28-1000000000)*0.12%,IF(L28>5000000000,100000000*0.24%+400000000*0.19%+500000000*0.15%+4000000000*0.12%+(L28-5000000000)*0.1%,"Bingung komputer"))))),2)} -> 382608.27 | E28: {=ROUND(IF(M28<=100000000,M28*0.24%,IF(AND(M28>100000000,M28<=500000000),100000000*0.24%+(M28-100000000)*0.19%,IF(AND(M28>500000000,M28<=1000000000),100000000*0.24%+400000000*0.19%+(M28-500000000)*0.15%,IF(AND(M28>1000000000,M28<=5000000000),100000000*0.24%+400000000*0.19%+500000000*0.15%+(M28-1000000000)*0.12%,IF(M28>5000000000,100000000*0.24%+400000000*0.19%+500000000*0.15%+4000000000*0.12%+(M28-5000000000)*0.1%,"Bingung komputer"))))),2)} -> 381468.27 | F28: {=ROUND(IF(N28<=100000000,N28*0.24%,IF(AND(N28>100000000,N28<=500000000),100000000*0.24%+(N28-100000000)*0.19%,IF(AND(N28>500000000,N28<=1000000000),100000000*0.24%+400000000*0.19%+(N28-500000000)*0.15%,IF(AND(N28>1000000000,N28<=5000000000),100000000*0.24%+400000000*0.19%+500000000*0.15%+(N28-1000000000)*0.12%,IF(N28>5000000000,100000000*0.24%+400000000*0.19%+500000000*0.15%+4000000000*0.12%+(N28-5000000000)*0.1%,"Bingung komputer"))))),2)} -> 381468.27 | K28: {="Jumlah Terkena Pajak "&MAX(K3:K26)&"% (B)"} -> Jumlah Terkena Pajak 11,00% (B) | L28: {=SUMIF($K3:$K26,">0",L3:L26)} -> 1.7505699e+08 | M28: {=SUMIF($K3:$K26,">0",M3:M26)} -> 1.7445699e+08 | N28: {=SUMIF($K3:$K26,">0",N3:N26)} -> 1.7445699e+08
K29: {="PPN (C) = "&MAX(K3:K26)&"% x B"} -> PPN (C) = 11,00% x B | L29: {=L28*MAX($K3:$K26)%} -> 19256268 | M29: {=M28*MAX($K3:$K26)%} -> 19190268 | N29: {=N28*MAX($K3:$K26)%} -> 19190268
K30: Jumlah Total (D) = (A) + ( C ) | L30: {=L27+L29} -> 1.9469586e+08 | M30: {=M27+M29} -> 1.9402872e+08 | N30: {=N27+N29} -> 1.9402872e+08
K31: Jumlah Total dibulatkan (E) | L31: {=ROUNDDOWN(L30,2)} -> 1.9469586e+08 | M31: {=ROUNDDOWN(M30,2)} -> 1.9402872e+08 | N31: {=ROUNDDOWN(N30,-3)} -> 194028000

Sheet 49012327 - Tabel 1-1
A1: DIVISI 1. UMUM
A2: Mobilisasi | B2: LS | C2: 1.0 | D2: Rp. 27.150.000,00 | E2: Rp. 27.150.000,00 | F2: 11 | G2: Rp. 30.136.500,00
A3: DIVISI 3. PEKERJAAN TANAH
A4: Galian Biasa (Cuttingan) | B4: M3 | C4: 1196.0 | D4: Rp. 35.993,51 | E4: Rp. 43.048.237,96 | F4: 11 | G4: Rp. 47.783.544,14
A5: Timbunan Biasa dari sumber galian | B5: M3 | C5: 472.0 | D5: Rp. 210.664,02 | E5: Rp. 99.433.417,44 | F5: 11 | G5: Rp. 110.371.093,36
A6: Penyiapan Badan Jalan | B6: M2 | C6: 2655.0 | D6: Rp. 1.817,45 | E6: Rp. 4.825.329,75 | F6: 11 | G6: Rp. 5.356.116,02
A7: JKM+JKK | B7: LS | C7: 1.0 | D7: Rp. 381.468,00 | E7: Rp. 381.468,00 | F7: 0 | G7: Rp. 381.468,00

Sheet 49012446 - Tabel 1
A1: No. | B1: Uraian Pekerjaan | D1: Kuantitas | G1: Satuan | H1: Harga Satuan | K1: PAJAK | L1: JUMLAH
D2: HPS | E2: Penawaran | F2: Negoisasi | H2: HPS | I2: Penawaran | J2: Negoisasi | L2: HPS | M2: Penawaran | N2: Negoisasi
B3: DIVISI 1. UMUM | L3: {=IF(D3>0,IF($D3<=0,0,D3*H3),"")} | M3: {=IF(E3>0,IF($D3<=0,0,ROUND(E3*I3,2)),"")} | N3: {=IF(F3>0,IF($D3<=0,0,ROUND(F3*J3,2)),"")}
A4: 1.2 | B4: Mobilisasi | D4: 1 | E4: {=D4} -> 1 | F4: {=D4} -> 1 | G4: LS | H4: 12793750 | I4: 12793750 | J4: 12793750 | K4: 11 | L4: {=IF(D4>0,IF($D4<=0,0,D4*H4),"")} -> 12793750 | M4: {=IF(E4>0,IF($D4<=0,0,ROUND(E4*I4,2)),"")} -> 12793750 | N4: {=IF(F4>0,IF($D4<=0,0,ROUND(F4*J4,2)),"")} -> 12793750
A5: 1.8.(1) | B5: Manajemen dan Keselamatan Lalu Lintas | D5: 1 | E5: {=D5} -> 1 | F5: {=D5} -> 1 | G5: LS | H5: 660000 | I5: 560000 | J5: 560000 | K5: 11 | L5: {=IF(D5>0,IF($D5<=0,0,D5*H5),"")} -> 660000 | M5: {=IF(E5>0,IF($D5<=0,0,ROUND(E5*I5,2)),"")} -> 560000 | N5: {=IF(F5>0,IF($D5<=0,0,ROUND(F5*J5,2)),"")} -> 560000
A6: 1.19 | B6: Keselamatan dan Kesehatan Kerja | D6: 1 | E6: {=D6} -> 1 | F6: {=D6} -> 1 | G6: LS | H6: 5289000 | I6: 5289000 | J6: 5289000 | K6: 11 | L6: {=IF(D6>0,IF($D6<=0,0,D6*H6),"")} -> 5289000 | M6: {=IF(E6>0,IF($D6<=0,0,ROUND(E6*I6,2)),"")} -> 5289000 | N6: {=IF(F6>0,IF($D6<=0,0,ROUND(F6*J6,2)),"")} -> 5289000
B7: DIVISI 3. PEKERJAAN TANAH DAN GEOSINTETIK | L7: {=IF(D7>0,IF($D7<=0,0,D7*H7),"")} | M7: {=IF(E7>0,IF($D7<=0,0,ROUND(E7*I7,2)),"")} | N7: {=IF(F7>0,IF($D7<=0,0,ROUND(F7*J7,2)),"")}
A8: 3.2.(1b) | B8: Timbunan Pilihan dari Sumber galian | D8: 434.6 | E8: {=D8} -> 434.6 | F8: {=D8} -> 434.6 | G8: M3 | H8: 339545.59 | I8: 339545.59 | J8: 339545.59 | K8: 11 | L8: {=IF(D8>0,IF($D8<=0,0,D8*H8),"")} -> 1.4756651e+08 | M8: {=IF(E8>0,IF($D8<=0,0,ROUND(E8*I8,2)),"")} -> 1.4756651e+08 | N8: {=IF(F8>0,IF($D8<=0,0,ROUND(F8*J8,2)),"")} -> 1.4756651e+08
A9: 3.3.(1) | B9: Penyiapan Badan Jalan | D9: 2523.5 | E9: {=D9} -> 2523.5 | F9: {=D9} -> 2523.5 | G9: M2 | H9: 3563.33 | I9: 3563.33 | J9: 3563.33 | K9: 11 | L9: {=IF(D9>0,IF($D9<=0,0,D9*H9),"")} -> 8992063.3 | M9: {=IF(E9>0,IF($D9<=0,0,ROUND(E9*I9,2)),"")} -> 8992063.3 | N9: {=IF(F9>0,IF($D9<=0,0,ROUND(F9*J9,2)),"")} -> 8992063.3
B10: Biaya BPJS Ketenaga Kerjaan | L10: {=IF(D10>0,IF($D10<=0,0,D10*H11),"")}
A11: 1 | B11: JKK/JKM | D11: 1 | E11: {=D11} -> 1 | F11: {=D11} -> 1 | G11: LS | H11: 383072.53 | I11: 382882.53 | J11: 382882.53 | K11: 0 | L11: {=IF(D11>0,IF($D11<=0,0,D11*H11),"")} -> 383072.53 | M11: {=IF(E11>0,IF($D11<=0,0,ROUND(E11*I11,2)),"")} -> 382882.53 | N11: {=IF(F11>0,IF($D11<=0,0,ROUND(F11*J11,2)),"")} -> 382882.53
K28: Jumlah Total (A) | L28: {=SUM(L1:L27)} -> 1.756844e+08 | M28: {=SUM(M1:M27)} -> 1.7558421e+08 | N28: {=SUM(N1:N27)} -> 1.7558421e+08
B29: HIT BPJS | D29: {=ROUND(IF(L29<=100000000,L29*0.24%,IF(AND(L29>100000000,L29<=500000000),100000000*0.24%+(L29-100000000)*0.19%,IF(AND(L29>500000000,L29<=1000000000),100000000*0.24%+400000000*0.19%+(L29-500000000)*0.15%,IF(AND(L29>1000000000,L29<=5000000000),100000000*0.24%+400000000*0.19%+500000000*0.15%+(L29-1000000000)*0.12%,IF(L29>5000000000,100000000*0.24%+400000000*0.19%+500000000*0.15%+4000000000*0.12%+(L29-5000000000)*0.1%,"Bingung komputer"))))),2)} -> 383072.52 | E29: {=ROUND(IF(M29<=100000000,M29*0.24%,IF(AND(M29>100000000,M29<=500000000),100000000*0.24%+(M29-100000000)*0.19%,IF(AND(M29>500000000,M29<=1000000000),100000000*0.24%+400000000*0.19%+(M29-500000000)*0.15%,IF(AND(M29>1000000000,M29<=5000000000),100000000*0.24%+400000000*0.19%+500000000*0.15%+(M29-1000000000)*0.12%,IF(M29>5000000000,100000000*0.24%+400000000*0.19%+500000000*0.15%+4000000000*0.12%+(M29-5000000000)*0.1%,"Bingung komputer"))))),2)} -> 382882.52 | F29: {=ROUND(IF(N29<=100000000,N29*0.24%,IF(AND(N29>100000000,N29<=500000000),100000000*0.24%+(N29-100000000)*0.19%,IF(AND(N29>500000000,N29<=1000000000),100000000*0.24%+400000000*0.19%+(N29-500000000)*0.15%,IF(AND(N29>1000000000,N29<=5000000000),100000000*0.24%+400000000*0.19%+500000000*0.15%+(N29-1000000000)*0.12%,IF(N29>5000000000,100000000*0.24%+400000000*0.19%+500000000*0.15%+4000000000*0.12%+(N29-5000000000)*0.1%,"Bingung komputer"))))),2)} -> 382882.52 | K29: {="Jumlah Terkena Pajak "&MAX(K3:K27)&"% (B)"} -> Jumlah Terkena Pajak 11,00% (B) | L29: {=SUMIF($K3:$K27,">0",L3:L27)} -> 1.7530133e+08 | M29: {=SUMIF($K3:$K27,">0",M3:M27)} -> 1.7520133e+08 | N29: {=SUMIF($K3:$K27,">0",N3:N27)} -> 1.7520133e+08
K30: {="PPN (C) = "&MAX(K3:K27)&"% x B"} -> PPN (C) = 11,00% x B | L30: {=L29*MAX($K3:$K27)%} -> 19283146 | M30: {=M29*MAX($K3:$K27)%} -> 19272146 | N30: {=N29*MAX($K3:$K27)%} -> 19272146
K31: Jumlah Total (D) = (A) + ( C ) | L31: {=L28+L30} -> 1.9496755e+08 | M31: {=M28+M30} -> 1.9485636e+08 | N31: {=N28+N30} -> 1.9485636e+08
K32: Jumlah Total dibulatkan (E) | L32: {=ROUNDDOWN(L31,2)} -> 1.9496755e+08 | M32: {=ROUNDDOWN(M31,2)} -> 1.9485636e+08 | N32: {=ROUNDDOWN(N31,-3)} -> 194856000

Sheet 49012446 - Tabel 1-1
A1: Jenis Barang/Jasa | B1: Satuan Unit | C1: Volume | D1: Harga Satuan | E1: Total sebelum Pajak | F1: Pajak (%) | G1: Total setelah Pajak | H1: Keterangan | I1: PDN?
A2: DIVISI 1. UMUM
A3: Mobilisasi | B3: LS | C3: 1.0 | D3: 12793750 | E3: Rp. 12.793.750,00 | F3: 11 | G3: Rp. 14.201.062,50
A4: Manajemen dan Keselamatan Lalu Lintas | B4: LS | C4: 1.0 | D4: 560000 | E4: Rp. 560.000,00 | F4: 11 | G4: Rp. 621.600,00
A5: Keselamatan dan Kesehatan Kerja | B5: LS | C5: 1.0 | D5: 5289000 | E5: Rp. 5.289.000,00 | F5: 11 | G5: Rp. 5.870.790,00
A6: DIVISI 3. PEKERJAAN TANAH DAN GEOSINTETIK
A7: Timbunan Pilihan dari Sumber galian | B7: M3 | C7: 434.6 | D7: 339545.59 | E7: Rp. 147.566.513,41 | F7: 11 | G7: Rp. 163.798.829,89
A8: Penyiapan Badan Jalan | B8: M2 | C8: 2523.5 | D8: 3563.33 | E8: Rp. 8.992.063,25 | F8: 11 | G8: Rp. 9.981.190,21
A9: Biaya BPJS Ketenaga Kerjaan | B9: LS | C9: 1.0 | D9: 382882.53 | E9: Rp. 382.882,53 | F9: 0 | G9: Rp. 382.882,53

Sheet 49012568
A1: No. | B1: Uraian Pekerjaan | D1: Kuantitas | G1: Satuan | H1: Harga Satuan | K1: PAJAK | L1: JUMLAH
D2: HPS | E2: Penawaran | F2: Negoisasi | H2: HPS | I2: Penawaran | J2: Negoisasi | L2: HPS | M2: Penawaran | N2: Negoisasi
B3: DIVISI 1. UMUM | L3: {=IF(D3>0,IF($D3<=0,0,D3*H3),"")} | M3: {=IF(E3>0,IF($D3<=0,0,ROUND(E3*I3,2)),"")} | N3: {=IF(F3>0,IF($D3<=0,0,ROUND(F3*J3,2)),"")}
A4: 1.2 | B4: Mobilisasi | D4: 1 | E4: {=D4} -> 1 | F4: {=D4} -> 1 | G4: LS | H4: 12237500 | I4: 12237500 | J4: 12237500 | K4: 11 | L4: {=IF(D4>0,IF($D4<=0,0,D4*H4),"")} -> 12237500 | M4: {=IF(E4>0,IF($D4<=0,0,ROUND(E4*I4,2)),"")} -> 12237500 | N4: {=IF(F4>0,IF($D4<=0,0,ROUND(F4*J4,2)),"")} -> 12237500
B5: Manajemen dan Keselamatan Lalu Lintas | D5: 1 | E5: {=D5} -> 1 | F5: {=D5} -> 1 | G5: LS | H5: 660000 | I5: 560000 | J5: 560000 | K5: 11 | L5: {=IF(D5>0,IF($D5<=0,0,D5*H5),"")} -> 660000 | M5: {=IF(E5>0,IF($D5<=0,0,ROUND(E5*I5,2)),"")} -> 560000 | N5: {=IF(F5>0,IF($D5<=0,0,ROUND(F5*J5,2)),"")} -> 560000
B6: Keselamatan dan Kesehatan Kerja | D6: 1 | E6: {=D6} -> 1 | F6: {=D6} -> 1 | G6: LS | H6: 5289000 | I6: 5289000 | J6: 5289000 | K6: 11 | L6: {=IF(D6>0,IF($D6<=0,0,D6*H6),"")} -> 5289000 | M6: {=IF(E6>0,IF($D6<=0,0,ROUND(E6*I6,2)),"")} -> 5289000 | N6: {=IF(F6>0,IF($D6<=0,0,ROUND(F6*J6,2)),"")} -> 5289000
B7: DIVISI 3. PEKERJAAN TANAH DAN GEOSINTETIK | L7: {=IF(D7>0,IF($D7<=0,0,D7*H7),"")} | M7: {=IF(E7>0,IF($D7<=0,0,ROUND(E7*I7,2)),"")} | N7: {=IF(F7>0,IF($D7<=0,0,ROUND(F7*J7,2)),"")}
A8: 3.1.(1a) | B8: Timbunan Pilihan dari Sumber galian | D8: 467.4 | E8: {=D8} -> 467.4 | F8: {=D8} -> 467.4 | G8: M3 | H8: 314534.62 | I8: 314534.62 | J8: 314534.62 | K8: 11 | L8: {=IF(D8>0,IF($D8<=0,0,D8*H8),"")} -> 1.4701348e+08 | M8: {=IF(E8>0,IF($D8<=0,0,ROUND(E8*I8,2)),"")} -> 1.4701348e+08 | N8: {=IF(F8>0,IF($D8<=0,0,ROUND(F8*J8,2)),"")} -> 1.4701348e+08
A9: 3.2.(1a) | B9: Penyiapan Badan Jalan | D9: 2957.75 | E9: {=D9} -> 2957.75 | F9: {=D9} -> 2957.75 | G9: M2 | H9: 3408.4 | I9: 3408.4 | J9: 3408.4 | K9: 11 | L9: {=IF(D9>0,IF($D9<=0,0,D9*H9),"")} -> 10081195 | M9: {=IF(E9>0,IF($D9<=0,0,ROUND(E9*I9,2)),"")} -> 10081195 | N9: {=IF(F9>0,IF($D9<=0,0,ROUND(F9*J9,2)),"")} -> 10081195
B10: Biaya BPJS Ketenaga Kerjaan | L10: {=IF(D10>0,IF($D10<=0,0,D10*H11),"")}
A11: 1 | B11: JKK/JKM | D11: 1 | E11: {=D11} -> 1 | F11: {=D11} -> 1 | G11: LS | H11: 383072.53 | I11: 382844.26 | J11: 382844.26 | K11: 0 | L11: {=IF(D11>0,IF($D11<=0,0,D11*H11),"")} -> 383072.53 | M11: {=IF(E11>0,IF($D11<=0,0,ROUND(E11*I11,2)),"")} -> 382844.26 | N11: {=IF(F11>0,IF($D11<=0,0,ROUND(F11*J11,2)),"")} -> 382844.26
K28: Jumlah Total (A) | L28: {=SUM(L1:L27)} -> 1.7566425e+08 | M28: {=SUM(M1:M27)} -> 1.7556402e+08 | N28: {=SUM(N1:N27)} -> 1.7556402e+08
B29: HIT BPJS | D29: {=ROUND(IF(L29<=100000000,L29*0.24%,IF(AND(L29>100000000,L29<=500000000),100000000*0.24%+(L29-100000000)*0.19%,IF(AND(L29>500000000,L29<=1000000000),100000000*0.24%+400000000*0.19%+(L29-500000000)*0.15%,IF(AND(L29>1000000000,L29<=5000000000),100000000*0.24%+400000000*0.19%+500000000*0.15%+(L29-1000000000)*0.12%,IF(L29>5000000000,100000000*0.24%+400000000*0.19%+500000000*0.15%+4000000000*0.12%+(L29-5000000000)*0.1%,"Bingung komputer"))))),2)} -> 383034.24 | E29: {=ROUND(IF(M29<=100000000,M29*0.24%,IF(AND(M29>100000000,M29<=500000000),100000000*0.24%+(M29-100000000)*0.19%,IF(AND(M29>500000000,M29<=1000000000),100000000*0.24%+400000000*0.19%+(M29-500000000)*0.15%,IF(AND(M29>1000000000,M29<=5000000000),100000000*0.24%+400000000*0.19%+500000000*0.15%+(M29-1000000000)*0.12%,IF(M29>5000000000,100000000*0.24%+400000000*0.19%+500000000*0.15%+4000000000*0.12%+(M29-5000000000)*0.1%,"Bingung komputer"))))),2)} -> 382844.24 | F29: {=ROUND(IF(N29<=100000000,N29*0.24%,IF(AND(N29>100000000,N29<=500000000),100000000*0.24%+(N29-100000000)*0.19%,IF(AND(N29>500000000,N29<=1000000000),100000000*0.24%+400000000*0.19%+(N29-500000000)*0.15%,IF(AND(N29>1000000000,N29<=5000000000),100000000*0.24%+400000000*0.19%+500000000*0.15%+(N29-1000000000)*0.12%,IF(N29>5000000000,100000000*0.24%+400000000*0.19%+500000000*0.15%+4000000000*0.12%+(N29-5000000000)*0.1%,"Bingung komputer"))))),2)} -> 382844.24 | K29: {="Jumlah Terkena Pajak "&MAX(K3:K27)&"% (B)"} -> Jumlah Terkena Pajak 11,00% (B) | L29: {=SUMIF($K3:$K27,">0",L3:L27)} -> 1.7528118e+08 | M29: {=SUMIF($K3:$K27,">0",M3:M27)} -> 1.7518118e+08 | N29: {=SUMIF($K3:$K27,">0",N3:N27)} -> 1.7518118e+08
K30: {="PPN (C) = "&MAX(K3:K27)&"% x B"} -> PPN (C) = 11,00% x B | L30: {=L29*MAX($K3:$K27)%} -> 19280929 | M30: {=M29*MAX($K3:$K27)%} -> 19269929 | N30: {=N29*MAX($K3:$K27)%} -> 19269929
K31: Jumlah Total (D) = (A) + ( C ) | L31: {=L28+L30} -> 1.9494518e+08 | M31: {=M28+M30} -> 1.9483395e+08 | N31: {=N28+N30} -> 1.9483395e+08
K32: Jumlah Total dibulatkan (E) | L32: {=ROUNDDOWN(L31,2)} -> 1.9494518e+08 | M32: {=ROUNDDOWN(M31,2)} -> 1.9483395e+08 | N32: {=ROUNDDOWN(N31,-3)} -> 194833000

Sheet 49012718
A1: No. | B1: Uraian Pekerjaan | D1: Kuantitas | G1: Satuan | H1: Harga Satuan | K1: PAJAK | L1: JUMLAH
D2: HPS | E2: Penawaran | F2: Negoisasi | H2: HPS | I2: Penawaran | J2: Negoisasi | L2: HPS | M2: Penawaran | N2: Negoisasi
B3: DIVISI 1. UMUM | L3: {=IF(D3>0,IF($D3<=0,0,D3*H3),"")} | M3: {=IF(E3>0,IF($D3<=0,0,ROUND(E3*I3,2)),"")} | N3: {=IF(F3>0,IF($D3<=0,0,ROUND(F3*J3,2)),"")}
A4: 1.2 | B4: Mobilisasi | D4: 1 | E4: {=D4} -> 1 | F4: {=D4} -> 1 | G4: LS | H4: 12237500 | I4: 11951500 | J4: 11951500 | K4: 11 | L4: {=IF(D4>0,IF($D4<=0,0,D4*H4),"")} -> 12237500 | M4: {=IF(E4>0,IF($D4<=0,0,ROUND(E4*I4,2)),"")} -> 11951500 | N4: {=IF(F4>0,IF($D4<=0,0,ROUND(F4*J4,2)),"")} -> 11951500
A5: 1.8.(1) | B5: Manajemen dan Keselamatan Lalu Lintas | D5: 1 | E5: {=D5} -> 1 | F5: {=D5} -> 1 | G5: LS | H5: 660000 | I5: 660000 | J5: 660000 | K5: 11 | L5: {=IF(D5>0,IF($D5<=0,0,D5*H5),"")} -> 660000 | M5: {=IF(E5>0,IF($D5<=0,0,ROUND(E5*I5,2)),"")} -> 660000 | N5: {=IF(F5>0,IF($D5<=0,0,ROUND(F5*J5,2)),"")} -> 660000
A6: 1.19 | B6: Keselamatan dan Kesehatan Kerja | D6: 1 | E6: {=D6} -> 1 | F6: {=D6} -> 1 | G6: LS | H6: 5289000 | I6: 5289000 | J6: 5289000 | K6: 11 | L6: {=IF(D6>0,IF($D6<=0,0,D6*H6),"")} -> 5289000 | M6: {=IF(E6>0,IF($D6<=0,0,ROUND(E6*I6,2)),"")} -> 5289000 | N6: {=IF(F6>0,IF($D6<=0,0,ROUND(F6*J6,2)),"")} -> 5289000
B7: DIVISI 3. PEKERJAAN TANAH DAN GEOSINTETIK | L7: {=IF(D7>0,IF($D7<=0,0,D7*H7),"")} | M7: {=IF(E7>0,IF($D7<=0,0,ROUND(E7*I7,2)),"")} | N7: {=IF(F7>0,IF($D7<=0,0,ROUND(F7*J7,2)),"")}
A8: 3.1.(1a) | B8: Timbunan Pilihan dari Sumber galian | D8: 697 | E8: {=D8} -> 697 | F8: {=D8} -> 697 | G8: M3 | H8: 205933.35 | I8: 205933.35 | J8: 205933.35 | K8: 11 | L8: {=IF(D8>0,IF($D8<=0,0,D8*H8),"")} -> 1.4353554e+08 | M8: {=IF(E8>0,IF($D8<=0,0,ROUND(E8*I8,2)),"")} -> 1.4353554e+08 | N8: {=IF(F8>0,IF($D8<=0,0,ROUND(F8*J8,2)),"")} -> 1.4353554e+08
A9: 3.2.(1a) | B9: Penyiapan Badan Jalan | D9: 3970.5 | E9: {=D9} -> 3970.5 | F9: {=D9} -> 3970.5 | G9: M2 | H9: 3408.4 | I9: 3408.4 | J9: 3408.4 | K9: 11 | L9: {=IF(D9>0,IF($D9<=0,0,D9*H9),"")} -> 13533052 | M9: {=IF(E9>0,IF($D9<=0,0,ROUND(E9*I9,2)),"")} -> 13533052 | N9: {=IF(F9>0,IF($D9<=0,0,ROUND(F9*J9,2)),"")} -> 13533052
B10: Biaya BPJS Ketenaga Kerjaan | L10: {=IF(D10>0,IF($D10<=0,0,D10*H11),"")}
A11: 1 | B11: JKK/JKM | D11: 1 | E11: {=D11} -> 1 | F11: {=D11} -> 1 | G11: LS | H11: 382984.71 | I11: 382441.31 | J11: 382441.31 | K11: 0 | L11: {=IF(D11>0,IF($D11<=0,0,D11*H11),"")} -> 382984.71 | M11: {=IF(E11>0,IF($D11<=0,0,ROUND(E11*I11,2)),"")} -> 382441.31 | N11: {=IF(F11>0,IF($D11<=0,0,ROUND(F11*J11,2)),"")} -> 382441.31
K28: Jumlah Total (A) | L28: {=SUM(L1:L27)} -> 1.7563808e+08 | M28: {=SUM(M1:M27)} -> 1.7535154e+08 | N28: {=SUM(N1:N27)} -> 1.7535154e+08
B29: HIT BPJS | D29: {=ROUND(IF(L29<=100000000,L29*0.24%,IF(AND(L29>100000000,L29<=500000000),100000000*0.24%+(L29-100000000)*0.19%,IF(AND(L29>500000000,L29<=1000000000),100000000*0.24%+400000000*0.19%+(L29-500000000)*0.15%,IF(AND(L29>1000000000,L29<=5000000000),100000000*0.24%+400000000*0.19%+500000000*0.15%+(L29-1000000000)*0.12%,IF(L29>5000000000,100000000*0.24%+400000000*0.19%+500000000*0.15%+4000000000*0.12%+(L29-5000000000)*0.1%,"Bingung komputer"))))),2)} -> 382984.68 | E29: {=ROUND(IF(M29<=100000000,M29*0.24%,IF(AND(M29>100000000,M29<=500000000),100000000*0.24%+(M29-100000000)*0.19%,IF(AND(M29>500000000,M29<=1000000000),100000000*0.24%+400000000*0.19%+(M29-500000000)*0.15%,IF(AND(M29>1000000000,M29<=5000000000),100000000*0.24%+400000000*0.19%+500000000*0.15%+(M29-1000000000)*0.12%,IF(M29>5000000000,100000000*0.24%+400000000*0.19%+500000000*0.15%+4000000000*0.12%+(M29-5000000000)*0.1%,"Bingung komputer"))))),2)} -> 382441.28 | F29: {=ROUND(IF(N29<=100000000,N29*0.24%,IF(AND(N29>100000000,N29<=500000000),100000000*0.24%+(N29-100000000)*0.19%,IF(AND(N29>500000000,N29<=1000000000),100000000*0.24%+400000000*0.19%+(N29-500000000)*0.15%,IF(AND(N29>1000000000,N29<=5000000000),100000000*0.24%+400000000*0.19%+500000000*0.15%+(N29-1000000000)*0.12%,IF(N29>5000000000,100000000*0.24%+400000000*0.19%+500000000*0.15%+4000000000*0.12%+(N29-5000000000)*0.1%,"Bingung komputer"))))),2)} -> 382441.28 | K29: {="Jumlah Terkena Pajak "&MAX(K3:K27)&"% (B)"} -> Jumlah Terkena Pajak 11,00% (B) | L29: {=SUMIF($K3:$K27,">0",L3:L27)} -> 1.752551e+08 | M29: {=SUMIF($K3:$K27,">0",M3:M27)} -> 1.749691e+08 | N29: {=SUMIF($K3:$K27,">0",N3:N27)} -> 1.749691e+08
K30: {="PPN (C) = "&MAX(K3:K27)&"% x B"} -> PPN (C) = 11,00% x B | L30: {=L29*MAX($K3:$K27)%} -> 19278061 | M30: {=M29*MAX($K3:$K27)%} -> 19246601 | N30: {=N29*MAX($K3:$K27)%} -> 19246601
K31: Jumlah Total (D) = (A) + ( C ) | L31: {=L28+L30} -> 1.9491614e+08 | M31: {=M28+M30} -> 1.9459814e+08 | N31: {=N28+N30} -> 1.9459814e+08
K32: Jumlah Total dibulatkan (E) | L32: {=ROUNDDOWN(L31,2)} -> 1.9491614e+08 | M32: {=ROUNDDOWN(M31,2)} -> 1.9459814e+08 | N32: {=ROUNDDOWN(N31,-3)} -> 194598000

Sheet 49012954
A1: No. | B1: Uraian Pekerjaan | D1: Kuantitas | G1: Satuan | H1: Harga Satuan | K1: PAJAK | L1: JUMLAH
D2: HPS | E2: Penawaran | F2: Negoisasi | H2: HPS | I2: Penawaran | J2: Negoisasi | L2: HPS | M2: Penawaran | N2: Negoisasi
B3: DIVISI 1. UMUM | L3: {=IF(D3>0,IF($D3<=0,0,D3*H3),"")} | M3: {=IF(E3>0,IF($D3<=0,0,ROUND(E3*I3,2)),"")} | N3: {=IF(F3>0,IF($D3<=0,0,ROUND(F3*J3,2)),"")}
A4: 1.2 | B4: Mobilisasi | D4: 1 | E4: {=D4} -> 1 | F4: {=D4} -> 1 | G4: LS | H4: 10999750 | I4: 10999750 | J4: 10999750 | K4: 11 | L4: {=IF(D4>0,IF($D4<=0,0,D4*H4),"")} -> 10999750 | M4: {=IF(E4>0,IF($D4<=0,0,ROUND(E4*I4,2)),"")} -> 10999750 | N4: {=IF(F4>0,IF($D4<=0,0,ROUND(F4*J4,2)),"")} -> 10999750
A5: 1.8.(1) | B5: Manajemen dan Keselamatan Lalu Lintas | D5: 1 | E5: {=D5} -> 1 | F5: {=D5} -> 1 | G5: LS | H5: 660000 | I5: 560000 | J5: 560000 | K5: 11 | L5: {=IF(D5>0,IF($D5<=0,0,D5*H5),"")} -> 660000 | M5: {=IF(E5>0,IF($D5<=0,0,ROUND(E5*I5,2)),"")} -> 560000 | N5: {=IF(F5>0,IF($D5<=0,0,ROUND(F5*J5,2)),"")} -> 560000
A6: 1.19 | B6: Keselamatan dan Kesehatan Kerja | D6: 1 | E6: {=D6} -> 1 | F6: {=D6} -> 1 | G6: LS | H6: 5289000 | I6: 5289000 | J6: 5289000 | K6: 11 | L6: {=IF(D6>0,IF($D6<=0,0,D6*H6),"")} -> 5289000 | M6: {=IF(E6>0,IF($D6<=0,0,ROUND(E6*I6,2)),"")} -> 5289000 | N6: {=IF(F6>0,IF($D6<=0,0,ROUND(F6*J6,2)),"")} -> 5289000
B7: DIVISI 3. PEKERJAAN TANAH DAN GEOSINTETIK | L7: {=IF(D7>0,IF($D7<=0,0,D7*H7),"")} | M7: {=IF(E7>0,IF($D7<=0,0,ROUND(E7*I7,2)),"")} | N7: {=IF(F7>0,IF($D7<=0,0,ROUND(F7*J7,2)),"")}
A8: 3.1.(1a) | B8: Timbunan Pilihan dari Sumber galian | D8: 198 | E8: {=D8} -> 198 | F8: {=D8} -> 198 | G8: M3 | H8: 31168.93 | I8: 31168.93 | J8: 31168.93 | K8: 11 | L8: {=IF(D8>0,IF($D8<=0,0,D8*H8),"")} -> 6171448.1 | M8: {=IF(E8>0,IF($D8<=0,0,ROUND(E8*I8,2)),"")} -> 6171448.1 | N8: {=IF(F8>0,IF($D8<=0,0,ROUND(F8*J8,2)),"")} -> 6171448.1
B9: DIVISI 3. PEKERJAAN TANAH DAN GEOSINTETIK | L9: {=IF(D9>0,IF($D9<=0,0,D9*H9),"")} | M9: {=IF(E9>0,IF($D9<=0,0,ROUND(E9*I9,2)),"")} | N9: {=IF(F9>0,IF($D9<=0,0,ROUND(F9*J9,2)),"")}
A10: 3.1.(1a) | B10: Timbunan Pilihan dari Sumber galian | D10: 3438.06 | E10: {=D10} -> 3438.06 | F10: {=D10} -> 3438.06 | G10: M3 | H10: 42563.37 | I10: 42563.37 | J10: 42563.37 | K10: 11 | L10: {=IF(D10>0,IF($D10<=0,0,D10*H10),"")} -> 1.4633542e+08 | M10: {=IF(E10>0,IF($D10<=0,0,ROUND(E10*I10,2)),"")} -> 1.4633542e+08 | N10: {=IF(F10>0,IF($D10<=0,0,ROUND(F10*J10,2)),"")} -> 1.4633542e+08
A11: 3.2.(1a) | B11: Penyiapan Badan Jalan | D11: 1887.5 | E11: {=D11} -> 1887.5 | F11: {=D11} -> 1887.5 | G11: M2 | H11: 2996.59 | I11: 2996.59 | J11: 2996.59 | K11: 11 | L11: {=IF(D11>0,IF($D11<=0,0,D11*H11),"")} -> 5656063.6 | M11: {=IF(E11>0,IF($D11<=0,0,ROUND(E11*I11,2)),"")} -> 5656063.6 | N11: {=IF(F11>0,IF($D11<=0,0,ROUND(F11*J11,2)),"")} -> 5656063.6
B12: Biaya BPJS Ketenaga Kerjaan | L12: {=IF(D12>0,IF($D12<=0,0,D12*H13),"")}
A13: 1 | B13: JKK/JKM | D13: 1 | E13: {=D13} -> 1 | F13: {=D13} -> 1 | G13: LS | H13: 382712.42 | I13: 382522.42 | J13: 382522.42 | K13: 0 | L13: {=IF(D13>0,IF($D13<=0,0,D13*H13),"")} -> 382712.42 | M13: {=IF(E13>0,IF($D13<=0,0,ROUND(E13*I13,2)),"")} -> 382522.42 | N13: {=IF(F13>0,IF($D13<=0,0,ROUND(F13*J13,2)),"")} -> 382522.42
K30: Jumlah Total (A) | L30: {=SUM(L1:L29)} -> 1.7549439e+08 | M30: {=SUM(M1:M29)} -> 1.753942e+08 | N30: {=SUM(N1:N29)} -> 1.753942e+08
B31: HIT BPJS | D31: {=ROUND(IF(L31<=100000000,L31*0.24%,IF(AND(L31>100000000,L31<=500000000),100000000*0.24%+(L31-100000000)*0.19%,IF(AND(L31>500000000,L31<=1000000000),100000000*0.24%+400000000*0.19%+(L31-500000000)*0.15%,IF(AND(L31>1000000000,L31<=5000000000),100000000*0.24%+400000000*0.19%+500000000*0.15%+(L31-1000000000)*0.12%,IF(L31>5000000000,100000000*0.24%+400000000*0.19%+500000000*0.15%+4000000000*0.12%+(L31-5000000000)*0.1%,"Bingung komputer"))))),2)} -> 382712.2 | E31: {=ROUND(IF(M31<=100000000,M31*0.24%,IF(AND(M31>100000000,M31<=500000000),100000000*0.24%+(M31-100000000)*0.19%,IF(AND(M31>500000000,M31<=1000000000),100000000*0.24%+400000000*0.19%+(M31-500000000)*0.15%,IF(AND(M31>1000000000,M31<=5000000000),100000000*0.24%+400000000*0.19%+500000000*0.15%+(M31-1000000000)*0.12%,IF(M31>5000000000,100000000*0.24%+400000000*0.19%+500000000*0.15%+4000000000*0.12%+(M31-5000000000)*0.1%,"Bingung komputer"))))),2)} -> 382522.2 | F31: {=ROUND(IF(N31<=100000000,N31*0.24%,IF(AND(N31>100000000,N31<=500000000),100000000*0.24%+(N31-100000000)*0.19%,IF(AND(N31>500000000,N31<=1000000000),100000000*0.24%+400000000*0.19%+(N31-500000000)*0.15%,IF(AND(N31>1000000000,N31<=5000000000),100000000*0.24%+400000000*0.19%+500000000*0.15%+(N31-1000000000)*0.12%,IF(N31>5000000000,100000000*0.24%+400000000*0.19%+500000000*0.15%+4000000000*0.12%+(N31-5000000000)*0.1%,"Bingung komputer"))))),2)} -> 382522.2 | K31: {="Jumlah Terkena Pajak "&MAX(K3:K29)&"% (B)"} -> Jumlah Terkena Pajak 11,00% (B) | L31: {=SUMIF($K3:$K29,">0",L3:L29)} -> 1.7511168e+08 | M31: {=SUMIF($K3:$K29,">0",M3:M29)} -> 1.7501168e+08 | N31: {=SUMIF($K3:$K29,">0",N3:N29)} -> 1.7501168e+08
K32: {="PPN (C) = "&MAX(K3:K29)&"% x B"} -> PPN (C) = 11,00% x B | L32: {=L31*MAX($K3:$K29)%} -> 19262285 | M32: {=M31*MAX($K3:$K29)%} -> 19251285 | N32: {=N31*MAX($K3:$K29)%} -> 19251285
K33: Jumlah Total (D) = (A) + ( C ) | L33: {=L30+L32} -> 1.9475668e+08 | M33: {=M30+M32} -> 1.9464549e+08 | N33: {=N30+N32} -> 1.9464549e+08
K34: Jumlah Total dibulatkan (E) | L34: {=ROUNDDOWN(L33,2)} -> 1.9475668e+08 | M34: {=ROUNDDOWN(M33,2)} -> 1.9464549e+08 | N34: {=ROUNDDOWN(N33,-3)} -> 194645000

Sheet 49011769
A1: No. | B1: Uraian Pekerjaan | D1: Kuantitas | G1: Satuan | H1: Harga Satuan | K1: PAJAK | L1: JUMLAH
D2: HPS | E2: Penawaran | F2: Negoisasi | H2: HPS | I2: Penawaran | J2: Negoisasi | L2: HPS | M2: Penawaran | N2: Negoisasi
B3: DIVISI 1. UMUM | L3: {=IF(D3>0,IF($D3<=0,0,D3*H3),"")} | M3: {=IF(E3>0,IF($D3<=0,0,ROUND(E3*I3,2)),"")} | N3: {=IF(F3>0,IF($D3<=0,0,ROUND(F3*J3,2)),"")}
A4: 1.2 | B4: Mobilisasi | D4: 1 | E4: {=D4} -> 1 | F4: {=D4} -> 1 | G4: LS | H4: 11149250 | I4: 11149250 | J4: 11149250 | K4: 11 | L4: {=IF(D4>0,IF($D4<=0,0,D4*H4),"")} -> 11149250 | M4: {=IF(E4>0,IF($D4<=0,0,ROUND(E4*I4,2)),"")} -> 11149250 | N4: {=IF(F4>0,IF($D4<=0,0,ROUND(F4*J4,2)),"")} -> 11149250
A5: 1.8.(1) | B5: Manajemen dan Keselamatan Lalu Lintas | D5: 1 | E5: {=D5} -> 1 | F5: {=D5} -> 1 | G5: LS | H5: 660000 | I5: 560000 | J5: 560000 | K5: 11 | L5: {=IF(D5>0,IF($D5<=0,0,D5*H5),"")} -> 660000 | M5: {=IF(E5>0,IF($D5<=0,0,ROUND(E5*I5,2)),"")} -> 560000 | N5: {=IF(F5>0,IF($D5<=0,0,ROUND(F5*J5,2)),"")} -> 560000
A6: 1.19 | B6: Keselamatan dan Kesehatan Kerja | D6: 1 | E6: {=D6} -> 1 | F6: {=D6} -> 1 | G6: LS | H6: 5289000 | I6: 5289000 | J6: 5289000 | K6: 11 | L6: {=IF(D6>0,IF($D6<=0,0,D6*H6),"")} -> 5289000 | M6: {=IF(E6>0,IF($D6<=0,0,ROUND(E6*I6,2)),"")} -> 5289000 | N6: {=IF(F6>0,IF($D6<=0,0,ROUND(F6*J6,2)),"")} -> 5289000
B7: DIVISI 3. PEKERJAAN TANAH DAN GEOSINTETIK | L7: {=IF(D7>0,IF($D7<=0,0,D7*H7),"")} | M7: {=IF(E7>0,IF($D7<=0,0,ROUND(E7*I7,2)),"")} | N7: {=IF(F7>0,IF($D7<=0,0,ROUND(F7*J7,2)),"")}
A8: 2.1.(1) | B8: Galian untuk Selokan Drainase dan Saluran Air | D8: 270 | E8: {=D8} -> 270 | F8: {=D8} -> 270 | G8: M3 | H8: 31168.93 | I8: 31168.93 | J8: 31168.93 | K8: 11 | L8: {=IF(D8>0,IF($D8<=0,0,D8*H8),"")} -> 8415611.1 | M8: {=IF(E8>0,IF($D8<=0,0,ROUND(E8*I8,2)),"")} -> 8415611.1 | N8: {=IF(F8>0,IF($D8<=0,0,ROUND(F8*J8,2)),"")} -> 8415611.1
B9: DIVISI 3. PEKERJAAN TANAH DAN GEOSINTETIK | L9: {=IF(D9>0,IF($D9<=0,0,D9*H9),"")} | M9: {=IF(E9>0,IF($D9<=0,0,ROUND(E9*I9,2)),"")} | N9: {=IF(F9>0,IF($D9<=0,0,ROUND(F9*J9,2)),"")}
A10: 3.1.(1) | B10: Galian Biasa (cuttingan) | D10: 3284.26 | E10: {=D10} -> 3284.26 | F10: {=D10} -> 3284.26 | G10: M3 | H10: 42563.37 | I10: 42563.37 | J10: 42563.37 | K10: 11 | L10: {=IF(D10>0,IF($D10<=0,0,D10*H10),"")} -> 1.3978917e+08 | M10: {=IF(E10>0,IF($D10<=0,0,ROUND(E10*I10,2)),"")} -> 1.3978917e+08 | N10: {=IF(F10>0,IF($D10<=0,0,ROUND(F10*J10,2)),"")} -> 1.3978917e+08
A11: 3.3.(1) | B11: Penyiapan Badan Jalan | D11: 3287.5 | E11: {=D11} -> 3287.5 | F11: {=D11} -> 3287.5 | G11: M2 | H11: 2996.59 | I11: 2996.59 | J11: 2996.59 | K11: 11 | L11: {=IF(D11>0,IF($D11<=0,0,D11*H11),"")} -> 9851289.6 | M11: {=IF(E11>0,IF($D11<=0,0,ROUND(E11*I11,2)),"")} -> 9851289.6 | N11: {=IF(F11>0,IF($D11<=0,0,ROUND(F11*J11,2)),"")} -> 9851289.6
B12: Biaya BPJS Ketenaga Kerjaan | L12: {=IF(D12>0,IF($D12<=0,0,D12*H13),"")}
A13: 1 | B13: JKK/JKM | D13: 1 | E13: {=D13} -> 1 | F13: {=D13} -> 1 | G13: LS | H13: 382792.93 | I13: 382602.93 | J13: 382602.93 | K13: 0 | L13: {=IF(D13>0,IF($D13<=0,0,D13*H13),"")} -> 382792.93 | M13: {=IF(E13>0,IF($D13<=0,0,ROUND(E13*I13,2)),"")} -> 382602.93 | N13: {=IF(F13>0,IF($D13<=0,0,ROUND(F13*J13,2)),"")} -> 382602.93
K30: Jumlah Total (A) | L30: {=SUM(L1:L29)} -> 1.7553712e+08 | M30: {=SUM(M1:M29)} -> 1.7543693e+08 | N30: {=SUM(N1:N29)} -> 1.7543693e+08
B31: HIT BPJS | D31: {=ROUND(IF(L31<=100000000,L31*0.24%,IF(AND(L31>100000000,L31<=500000000),100000000*0.24%+(L31-100000000)*0.19%,IF(AND(L31>500000000,L31<=1000000000),100000000*0.24%+400000000*0.19%+(L31-500000000)*0.15%,IF(AND(L31>1000000000,L31<=5000000000),100000000*0.24%+400000000*0.19%+500000000*0.15%+(L31-1000000000)*0.12%,IF(L31>5000000000,100000000*0.24%+400000000*0.19%+500000000*0.15%+4000000000*0.12%+(L31-5000000000)*0.1%,"Bingung komputer"))))),2)} -> 382793.22 | E31: {=ROUND(IF(M31<=100000000,M31*0.24%,IF(AND(M31>100000000,M31<=500000000),100000000*0.24%+(M31-100000000)*0.19%,IF(AND(M31>500000000,M31<=1000000000),100000000*0.24%+400000000*0.19%+(M31-500000000)*0.15%,IF(AND(M31>1000000000,M31<=5000000000),100000000*0.24%+400000000*0.19%+500000000*0.15%+(M31-1000000000)*0.12%,IF(M31>5000000000,100000000*0.24%+400000000*0.19%+500000000*0.15%+4000000000*0.12%+(M31-5000000000)*0.1%,"Bingung komputer"))))),2)} -> 382603.22 | F31: {=ROUND(IF(N31<=100000000,N31*0.24%,IF(AND(N31>100000000,N31<=500000000),100000000*0.24%+(N31-100000000)*0.19%,IF(AND(N31>500000000,N31<=1000000000),100000000*0.24%+400000000*0.19%+(N31-500000000)*0.15%,IF(AND(N31>1000000000,N31<=5000000000),100000000*0.24%+400000000*0.19%+500000000*0.15%+(N31-1000000000)*0.12%,IF(N31>5000000000,100000000*0.24%+400000000*0.19%+500000000*0.15%+4000000000*0.12%+(N31-5000000000)*0.1%,"Bingung komputer"))))),2)} -> 382603.22 | K31: {="Jumlah Terkena Pajak "&MAX(K3:K29)&"% (B)"} -> Jumlah Terkena Pajak 11,00% (B) | L31: {=SUMIF($K3:$K29,">0",L3:L29)} -> 1.7515432e+08 | M31: {=SUMIF($K3:$K29,">0",M3:M29)} -> 1.7505432e+08 | N31: {=SUMIF($K3:$K29,">0",N3:N29)} -> 1.7505432e+08
K32: {="PPN (C) = "&MAX(K3:K29)&"% x B"} -> PPN (C) = 11,00% x B | L32: {=L31*MAX($K3:$K29)%} -> 19266976 | M32: {=M31*MAX($K3:$K29)%} -> 19255976 | N32: {=N31*MAX($K3:$K29)%} -> 19255976
K33: Jumlah Total (D) = (A) + ( C ) | L33: {=L30+L32} -> 1.9480409e+08 | M33: {=M30+M32} -> 1.946929e+08 | N33: {=N30+N32} -> 1.946929e+08
K34: Jumlah Total dibulatkan (E) | L34: {=ROUNDDOWN(L33,2)} -> 1.9480409e+08 | M34: {=ROUNDDOWN(M33,2)} -> 1.946929e+08 | N34: {=ROUNDDOWN(N33,-3)} -> 194692000

Sheet 49012815 - Tabel 1
A1: No. | B1: Uraian Pekerjaan | D1: Kuantitas | G1: Satuan | H1: Harga Satuan | K1: PAJAK | L1: JUMLAH
D2: HPS | E2: Penawaran | F2: Negoisasi | H2: HPS | I2: Penawaran | J2: Negoisasi | L2: HPS | M2: Penawaran | N2: Negoisasi
B3: DIVISI 1. UMUM | L3: {=IF(D3>0,IF($D3<=0,0,D3*H3),"")} | M3: {=IF(E3>0,IF($D3<=0,0,ROUND(E3*I3,2)),"")} | N3: {=IF(F3>0,IF($D3<=0,0,ROUND(F3*J3,2)),"")}
A4: 1.2 | B4: Mobilisasi | D4: 1 | E4: {=D4} -> 1 | F4: {=D4} -> 1 | G4: LS | H4: 12793750 | I4: 12793750 | J4: 12793750 | K4: 11 | L4: {=IF(D4>0,IF($D4<=0,0,D4*H4),"")} -> 12793750 | M4: {=IF(E4>0,IF($D4<=0,0,ROUND(E4*I4,2)),"")} -> 12793750 | N4: {=IF(F4>0,IF($D4<=0,0,ROUND(F4*J4,2)),"")} -> 12793750
A5: 1.8.(1) | B5: Manajemen dan Keselamatan Lalu Lintas | D5: 1 | E5: {=D5} -> 1 | F5: {=D5} -> 1 | G5: LS | H5: 660000 | I5: 560000 | J5: 560000 | K5: 11 | L5: {=IF(D5>0,IF($D5<=0,0,D5*H5),"")} -> 660000 | M5: {=IF(E5>0,IF($D5<=0,0,ROUND(E5*I5,2)),"")} -> 560000 | N5: {=IF(F5>0,IF($D5<=0,0,ROUND(F5*J5,2)),"")} -> 560000
A6: 1.19 | B6: Keselamatan dan Kesehatan Kerja | D6: 1 | E6: {=D6} -> 1 | F6: {=D6} -> 1 | G6: LS | H6: 5289000 | I6: 5289000 | J6: 5289000 | K6: 11 | L6: {=IF(D6>0,IF($D6<=0,0,D6*H6),"")} -> 5289000 | M6: {=IF(E6>0,IF($D6<=0,0,ROUND(E6*I6,2)),"")} -> 5289000 | N6: {=IF(F6>0,IF($D6<=0,0,ROUND(F6*J6,2)),"")} -> 5289000
B7: DIVISI 3. PEKERJAAN TANAH DAN GEOSINTETIK | L7: {=IF(D7>0,IF($D7<=0,0,D7*H7),"")} | M7: {=IF(E7>0,IF($D7<=0,0,ROUND(E7*I7,2)),"")} | N7: {=IF(F7>0,IF($D7<=0,0,ROUND(F7*J7,2)),"")}
A8: 3.2.(1b) | B8: Timbunan Pilihan dari Sumber galian | D8: 533 | E8: {=D8} -> 533 | F8: {=D8} -> 533 | G8: M3 | H8: 261087.38 | I8: 261087.38 | J8: 261087.38 | K8: 11 | L8: {=IF(D8>0,IF($D8<=0,0,D8*H8),"")} -> 1.3915957e+08 | M8: {=IF(E8>0,IF($D8<=0,0,ROUND(E8*I8,2)),"")} -> 1.3915957e+08 | N8: {=IF(F8>0,IF($D8<=0,0,ROUND(F8*J8,2)),"")} -> 1.3915957e+08
A9: 3.3.(1) | B9: Penyiapan Badan Jalan | D9: 4875 | E9: {=D9} -> 4875 | F9: {=D9} -> 4875 | G9: M2 | H9: 3563.33 | I9: 3563.33 | J9: 3563.33 | K9: 11 | L9: {=IF(D9>0,IF($D9<=0,0,D9*H9),"")} -> 17371234 | M9: {=IF(E9>0,IF($D9<=0,0,ROUND(E9*I9,2)),"")} -> 17371234 | N9: {=IF(F9>0,IF($D9<=0,0,ROUND(F9*J9,2)),"")} -> 17371234
B10: Biaya BPJS Ketenaga Kerjaan | L10: {=IF(D10>0,IF($D10<=0,0,D10*H11),"")}
A11: 1 | B11: JKK/JKM | D11: 1 | E11: {=D11} -> 1 | F11: {=D11} -> 1 | G11: LS | H11: 383019.77 | I11: 382829.77 | J11: 382829.77 | K11: 0 | L11: {=IF(D11>0,IF($D11<=0,0,D11*H11),"")} -> 383019.77 | M11: {=IF(E11>0,IF($D11<=0,0,ROUND(E11*I11,2)),"")} -> 382829.77 | N11: {=IF(F11>0,IF($D11<=0,0,ROUND(F11*J11,2)),"")} -> 382829.77
K28: Jumlah Total (A) | L28: {=SUM(L1:L27)} -> 1.7565658e+08 | M28: {=SUM(M1:M27)} -> 1.7555639e+08 | N28: {=SUM(N1:N27)} -> 1.7555639e+08
B29: HIT BPJS | D29: {=ROUND(IF(L29<=100000000,L29*0.24%,IF(AND(L29>100000000,L29<=500000000),100000000*0.24%+(L29-100000000)*0.19%,IF(AND(L29>500000000,L29<=1000000000),100000000*0.24%+400000000*0.19%+(L29-500000000)*0.15%,IF(AND(L29>1000000000,L29<=5000000000),100000000*0.24%+400000000*0.19%+500000000*0.15%+(L29-1000000000)*0.12%,IF(L29>5000000000,100000000*0.24%+400000000*0.19%+500000000*0.15%+4000000000*0.12%+(L29-5000000000)*0.1%,"Bingung komputer"))))),2)} -> 383019.76 | E29: {=ROUND(IF(M29<=100000000,M29*0.24%,IF(AND(M29>100000000,M29<=500000000),100000000*0.24%+(M29-100000000)*0.19%,IF(AND(M29>500000000,M29<=1000000000),100000000*0.24%+400000000*0.19%+(M29-500000000)*0.15%,IF(AND(M29>1000000000,M29<=5000000000),100000000*0.24%+400000000*0.19%+500000000*0.15%+(M29-1000000000)*0.12%,IF(M29>5000000000,100000000*0.24%+400000000*0.19%+500000000*0.15%+4000000000*0.12%+(M29-5000000000)*0.1%,"Bingung komputer"))))),2)} -> 382829.76 | F29: {=ROUND(IF(N29<=100000000,N29*0.24%,IF(AND(N29>100000000,N29<=500000000),100000000*0.24%+(N29-100000000)*0.19%,IF(AND(N29>500000000,N29<=1000000000),100000000*0.24%+400000000*0.19%+(N29-500000000)*0.15%,IF(AND(N29>1000000000,N29<=5000000000),100000000*0.24%+400000000*0.19%+500000000*0.15%+(N29-1000000000)*0.12%,IF(N29>5000000000,100000000*0.24%+400000000*0.19%+500000000*0.15%+4000000000*0.12%+(N29-5000000000)*0.1%,"Bingung komputer"))))),2)} -> 382829.76 | K29: {="Jumlah Terkena Pajak "&MAX(K3:K27)&"% (B)"} -> Jumlah Terkena Pajak 11,00% (B) | L29: {=SUMIF($K3:$K27,">0",L3:L27)} -> 1.7527356e+08 | M29: {=SUMIF($K3:$K27,">0",M3:M27)} -> 1.7517356e+08 | N29: {=SUMIF($K3:$K27,">0",N3:N27)} -> 1.7517356e+08
K30: {="PPN (C) = "&MAX(K3:K27)&"% x B"} -> PPN (C) = 11,00% x B | L30: {=L29*MAX($K3:$K27)%} -> 19280091 | M30: {=M29*MAX($K3:$K27)%} -> 19269091 | N30: {=N29*MAX($K3:$K27)%} -> 19269091
K31: Jumlah Total (D) = (A) + ( C ) | L31: {=L28+L30} -> 1.9493667e+08 | M31: {=M28+M30} -> 1.9482548e+08 | N31: {=N28+N30} -> 1.9482548e+08
K32: Jumlah Total dibulatkan (E) | L32: {=ROUNDDOWN(L31,2)} -> 1.9493667e+08 | M32: {=ROUNDDOWN(M31,2)} -> 1.9482548e+08 | N32: {=ROUNDDOWN(N31,-3)} -> 194825000

Sheet 49012815 - Tabel 1-1
A1: enis Barang/Jasa | B1: Satuan Unit | C1: Volume | D1: Harga Satuan | E1: Total sebelum Pajak | F1: Pajak (%) | G1: Total setelah Pajak | H1: Keterangan | I1: PDN?
A2: DIVISI 1. UMUM
A3: Mobilisasi | B3: LS | C3: 1.0 | D3: 12793750 | E3: Rp. 12.793.750,00 | F3: 11 | G3: Rp. 14.201.062,50
A4: Manajemen dan Keselamatan Lalu Lintas | B4: LS | C4: 1.0 | D4: 560000 | E4: Rp. 560.000,00 | F4: 11 | G4: Rp. 621.600,00
A5: Keselamatan dan Kesehatan Kerja | B5: LS | C5: 1.0 | D5: 5289000 | E5: Rp. 5.289.000,00 | F5: 11 | G5: Rp. 5.870.790,00
A6: DIVISI 3. PEKERJAAN TANAH DAN GEOSINTETIK
A7: Timbunan Pilihan dari Sumber galian | B7: M3 | C7: 533.0 | D7: 261087.38 | E7: Rp. 139.159.573,54 | F7: 11 | G7: Rp. 154.467.126,63
A8: Penyiapan Badan Jalan | B8: M2 | C8: 4875.0 | D8: 3563.33 | E8: Rp. 17.371.233,75 | F8: 11 | G8: Rp. 19.282.069,46
A9: Biaya BPJS Ketenaga Kerjaan | B9: LS | C9: 1.0 | D9: 382829.77 | E9: Rp. 382.829,77 | F9: 0 | G9: Rp. 382.829,77
A10: Produk Dalam Negeri (PDN) | G10: Rp. 0,00
A11: Total Penawaran | G11: Rp. 194.825.478,36

Sheet 49012180
A1: No. | B1: Uraian Pekerjaan | D1: Kuantitas | G1: Satuan | H1: Harga Satuan | K1: PAJAK | L1: JUMLAH
D2: HPS | E2: Penawaran | F2: Negoisasi | H2: HPS | I2: Penawaran | J2: Negoisasi | L2: HPS | M2: Penawaran | N2: Negoisasi
B3: DIVISI 1. UMUM | L3: {=IF(D3>0,IF($D3<=0,0,D3*H3),"")} | M3: {=IF(E3>0,IF($D3<=0,0,ROUND(E3*I3,2)),"")} | N3: {=IF(F3>0,IF($D3<=0,0,ROUND(F3*J3,2)),"")}
A4: 1.2 | B4: Mobilisasi | D4: 1 | E4: {=D4} -> 1 | F4: {=D4} -> 1 | G4: LS | H4: 16050000 | I4: 15650000 | J4: 15650000 | K4: 11 | L4: {=IF(D4>0,IF($D4<=0,0,D4*H4),"")} -> 16050000 | M4: {=IF(E4>0,IF($D4<=0,0,ROUND(E4*I4,2)),"")} -> 15650000 | N4: {=IF(F4>0,IF($D4<=0,0,ROUND(F4*J4,2)),"")} -> 15650000
B5: DIVISI 3. PEKERJAAN TANAH | L5: {=IF(D5>0,IF($D5<=0,0,D5*H5),"")} | M5: {=IF(E5>0,IF($D5<=0,0,ROUND(E5*I5,2)),"")} | N5: {=IF(F5>0,IF($D5<=0,0,ROUND(F5*J5,2)),"")}
A6: 3.1.(1a) | B6: Galian Biasa (Cuttingan) | D6: 4135.2 | E6: {=D6} -> 4135.2 | F6: {=D6} -> 4135.2 | G6: M3 | H6: 38501.07 | I6: 38501.07 | J6: 38501.07 | K6: 11 | L6: {=IF(D6>0,IF($D6<=0,0,D6*H6),"")} -> 1.5920962e+08 | M6: {=IF(E6>0,IF($D6<=0,0,ROUND(E6*I6,2)),"")} -> 1.5920962e+08 | N6: {=IF(F6>0,IF($D6<=0,0,ROUND(F6*J6,2)),"")} -> 1.5920962e+08
B7: Biaya BPJS Ketenaga Kerjaan | L7: {=IF(D7>0,IF($D7<=0,0,D7*H8),"")}
A8: 1 | B8: JKK/JKM | D8: 1 | E8: {=D8} -> 1 | F8: {=D8} -> 1 | G8: LS | H8: 382993 | I8: 382233 | J8: 382233 | K8: 0 | L8: {=IF(D8>0,IF($D8<=0,0,D8*H8),"")} -> 382993 | M8: {=IF(E8>0,IF($D8<=0,0,ROUND(E8*I8,2)),"")} -> 382233 | N8: {=IF(F8>0,IF($D8<=0,0,ROUND(F8*J8,2)),"")} -> 382233
K25: Jumlah Total (A) | L25: {=SUM(L1:L24)} -> 1.7564262e+08 | M25: {=SUM(M1:M24)} -> 1.7524186e+08 | N25: {=SUM(N1:N24)} -> 1.7524186e+08
B26: HIT BPJS | D26: {=ROUND(IF(L26<=100000000,L26*0.24%,IF(AND(L26>100000000,L26<=500000000),100000000*0.24%+(L26-100000000)*0.19%,IF(AND(L26>500000000,L26<=1000000000),100000000*0.24%+400000000*0.19%+(L26-500000000)*0.15%,IF(AND(L26>1000000000,L26<=5000000000),100000000*0.24%+400000000*0.19%+500000000*0.15%+(L26-1000000000)*0.12%,IF(L26>5000000000,100000000*0.24%+400000000*0.19%+500000000*0.15%+4000000000*0.12%+(L26-5000000000)*0.1%,"Bingung komputer"))))),2)} -> 382993.29 | E26: {=ROUND(IF(M26<=100000000,M26*0.24%,IF(AND(M26>100000000,M26<=500000000),100000000*0.24%+(M26-100000000)*0.19%,IF(AND(M26>500000000,M26<=1000000000),100000000*0.24%+400000000*0.19%+(M26-500000000)*0.15%,IF(AND(M26>1000000000,M26<=5000000000),100000000*0.24%+400000000*0.19%+500000000*0.15%+(M26-1000000000)*0.12%,IF(M26>5000000000,100000000*0.24%+400000000*0.19%+500000000*0.15%+4000000000*0.12%+(M26-5000000000)*0.1%,"Bingung komputer"))))),2)} -> 382233.29 | F26: {=ROUND(IF(N26<=100000000,N26*0.24%,IF(AND(N26>100000000,N26<=500000000),100000000*0.24%+(N26-100000000)*0.19%,IF(AND(N26>500000000,N26<=1000000000),100000000*0.24%+400000000*0.19%+(N26-500000000)*0.15%,IF(AND(N26>1000000000,N26<=5000000000),100000000*0.24%+400000000*0.19%+500000000*0.15%+(N26-1000000000)*0.12%,IF(N26>5000000000,100000000*0.24%+400000000*0.19%+500000000*0.15%+4000000000*0.12%+(N26-5000000000)*0.1%,"Bingung komputer"))))),2)} -> 382233.29 | K26: {="Jumlah Terkena Pajak "&MAX(K3:K24)&"% (B)"} -> Jumlah Terkena Pajak 11,00% (B) | L26: {=SUMIF($K3:$K24,">0",L3:L24)} -> 1.7525962e+08 | M26: {=SUMIF($K3:$K24,">0",M3:M24)} -> 1.7485962e+08 | N26: {=SUMIF($K3:$K24,">0",N3:N24)} -> 1.7485962e+08
K27: {="PPN (C) = "&MAX(K3:K24)&"% x B"} -> PPN (C) = 11,00% x B | L27: {=L26*MAX($K3:$K24)%} -> 19278559 | M27: {=M26*MAX($K3:$K24)%} -> 19234559 | N27: {=N26*MAX($K3:$K24)%} -> 19234559
K28: Jumlah Total (D) = (A) + ( C ) | L28: {=L25+L27} -> 1.9492118e+08 | M28: {=M25+M27} -> 1.9447642e+08 | N28: {=N25+N27} -> 1.9447642e+08
K29: Jumlah Total dibulatkan (E) | L29: {=ROUNDDOWN(L28,2)} -> 1.9492118e+08 | M29: {=ROUNDDOWN(M28,2)} -> 1.9447642e+08 | N29: {=ROUNDDOWN(N28,-3)} -> 194476000

Sheet 49726699
A1: No. | B1: Uraian Pekerjaan | D1: Kuantitas | G1: Satuan | H1: Harga Satuan | K1: PAJAK | L1: JUMLAH
D2: HPS | E2: Penawaran | F2: Negoisasi | H2: HPS | I2: Penawaran | J2: Negoisasi | L2: HPS | M2: Penawaran | N2: Negoisasi
B3: Biaya perencanaan teknis | L3: {=IF(D3>0,IF($D3<=0,0,D3*H3),"")} | M3: {=IF(E3>0,IF($D3<=0,0,ROUND(E3*I3,2)),"")} | N3: {=IF(F3>0,IF($D3<=0,0,ROUND(F3*J3,2)),"")}
A4: 1 | B4: tahap konsepsi perancangan sebesar 10% | D4: 1 | E4: {=D4} -> 1 | F4: {=D4} -> 1 | G4: LS | H4: {=ROUNDDOWN((99760500*0.1)*100/111,-2)} -> 8987400 | I4: 8987000 | J4: 8987000 | K4: 11 | L4: {=IF(D4>0,IF($D4<=0,0,D4*H4),"")} -> 8987400 | M4: {=IF(E4>0,IF($D4<=0,0,ROUND(E4*I4,2)),"")} -> 8987000 | N4: {=IF(F4>0,IF($D4<=0,0,ROUND(F4*J4,2)),"")} -> 8987000
A5: 2 | B5: tahap pra rancangan sebesar 20% | D5: 1 | E5: {=D5} -> 1 | F5: {=D5} -> 1 | G5: LS | H5: {=ROUNDDOWN((99760500*0.2)*100/111,-2)} -> 17974800 | I5: 17974000 | J5: 17974000 | K5: 11 | L5: {=IF(D5>0,IF($D5<=0,0,D5*H5),"")} -> 17974800 | M5: {=IF(E5>0,IF($D5<=0,0,ROUND(E5*I5,2)),"")} -> 17974000 | N5: {=IF(F5>0,IF($D5<=0,0,ROUND(F5*J5,2)),"")} -> 17974000
A6: 3 | B6: tahap pengembangan rancangan sebesar 25% | D6: 1 | E6: {=D6} -> 1 | F6: {=D6} -> 1 | G6: LS | H6: {=ROUNDDOWN((99760500*0.25)*100/111,-2)} -> 22468500 | I6: 22468000 | J6: 22468000 | K6: 11 | L6: {=IF(D6>0,IF($D6<=0,0,D6*H6),"")} -> 22468500 | M6: {=IF(E6>0,IF($D6<=0,0,ROUND(E6*I6,2)),"")} -> 22468000 | N6: {=IF(F6>0,IF($D6<=0,0,ROUND(F6*J6,2)),"")} -> 22468000
A7: 5 | B7: tahap rancangan detail meliputi penyusunan rancangan gambar detail dan penyusunan Rencana Kerja dan Syarat (RKS), serta Rencana Anggaran Biaya (RAB) sebesar 25% | D7: 1 | E7: {=D7} -> 1 | F7: {=D7} -> 1 | G7: LS | H7: {=ROUNDDOWN((99760500*0.25)*100/111,-2)} -> 22468500 | I7: 22468000 | J7: 22468000 | K7: 11 | L7: {=IF(D7>0,IF($D7<=0,0,D7*H7),"")} -> 22468500 | M7: {=IF(E7>0,IF($D7<=0,0,ROUND(E7*I7,2)),"")} -> 22468000 | N7: {=IF(F7>0,IF($D7<=0,0,ROUND(F7*J7,2)),"")} -> 22468000
A8: 6 | B8: tahap pelelangan penyedia jasa pelaksanaan konstruksi sebesar 5% | D8: 1 | E8: {=D8} -> 1 | F8: {=D8} -> 1 | G8: LS | H8: {=ROUNDDOWN((99760500*0.05)*100/111,-2)} -> 4493700 | I8: 4450000 | J8: 4450000 | K8: 11 | L8: {=IF(D8>0,IF($D8<=0,0,D8*H8),"")} -> 4493700 | M8: {=IF(E8>0,IF($D8<=0,0,ROUND(E8*I8,2)),"")} -> 4450000 | N8: {=IF(F8>0,IF($D8<=0,0,ROUND(F8*J8,2)),"")} -> 4450000
A9: 7 | B9: tahap pengawasan berkala sebesar 15% | D9: 1 | E9: {=D9} -> 1 | F9: {=D9} -> 1 | G9: LS | H9: {=ROUNDDOWN((99760500*0.15)*100/111,-2)} -> 13481100 | I9: 13450000 | J9: 13450000 | K9: 11 | L9: {=IF(D9>0,IF($D9<=0,0,D9*H9),"")} -> 13481100 | M9: {=IF(E9>0,IF($D9<=0,0,ROUND(E9*I9,2)),"")} -> 13450000 | N9: {=IF(F9>0,IF($D9<=0,0,ROUND(F9*J9,2)),"")} -> 13450000
A10: 8 | B10: JKK/JKM | D10: 1 | E10: {=D10} -> 1 | F10: {=D10} -> 1 | G10: LS | H10: 215697.6 | I10: 215600 | J10: 215600 | K10: 0 | L10: {=IF(D10>0,IF($D10<=0,0,D10*H10),"")} -> 215697.6 | M10: {=IF(E10>0,IF($D10<=0,0,ROUND(E10*I10,2)),"")} -> 215600 | N10: {=IF(F10>0,IF($D10<=0,0,ROUND(F10*J10,2)),"")} -> 215600
K27: Jumlah Total (A) | L27: {=SUM(L1:L26)} -> 90089698 | M27: {=SUM(M1:M26)} -> 90012600 | N27: {=SUM(N1:N26)} -> 90012600
